;name_level1;name_level2;name_level3;pcode_level1;pcode_level2;pcode_level3
0;Baringo;Tiaty;Tirioko;KE030;KE030157;KE0301570781
1;Baringo;Tiaty;Kollowa;KE030;KE030157;KE0301570782
2;Baringo;Tiaty;Ribkwo;KE030;KE030157;KE0301570783
3;Baringo;Tiaty;Silale;KE030;KE030157;KE0301570784
4;Baringo;Tiaty;Loiyamorok;KE030;KE030157;KE0301570785
5;Baringo;Tiaty;Tangulbei/Korossi;KE030;KE030157;KE0301570786
6;Baringo;Tiaty;Churo/Amaya;KE030;KE030157;KE0301570787
7;Baringo;Baringo North;Barwessa;KE030;KE030158;KE0301580788
8;Baringo;Baringo North;Kabartonjo;KE030;KE030158;KE0301580789
9;Baringo;Baringo North;Saimo/Kipsaram;KE030;KE030158;KE0301580790
10;Baringo;Baringo North;Saimo/Soi;KE030;KE030158;KE0301580791
11;Baringo;Baringo North;Bartabwa;KE030;KE030158;KE0301580792
12;Baringo;Baringo Central;Kabarnet;KE030;KE030159;KE0301590793
13;Baringo;Baringo Central;Sacho;KE030;KE030159;KE0301590794
14;Bungoma;Bumula;Kabula;KE039;KE039219;KE0392191092
15;Baringo;Baringo Central;Tenges;KE030;KE030159;KE0301590795
16;Baringo;Baringo Central;Ewalel/Chapchap;KE030;KE030159;KE0301590796
17;Baringo;Baringo Central;Kapropita;KE030;KE030159;KE0301590797
18;Baringo;Baringo South;Marigat;KE030;KE030160;KE0301600798
19;Baringo;Baringo South;Ilchamus;KE030;KE030160;KE0301600799
20;Baringo;Baringo South;Mochongoi;KE030;KE030160;KE0301600800
21;Baringo;Baringo South;Mukutan;KE030;KE030160;KE0301600801
22;Baringo;Mogotio;Mogotio;KE030;KE030161;KE0301610802
23;Baringo;Mogotio;Emining;KE030;KE030161;KE0301610803
24;Baringo;Mogotio;Kisanana;KE030;KE030161;KE0301610804
25;Baringo;Eldama Ravine;Lembus;KE030;KE030162;KE0301620805
26;Baringo;Eldama Ravine;Lembus Kwen;KE030;KE030162;KE0301620806
27;Baringo;Eldama Ravine;Ravine;KE030;KE030162;KE0301620807
28;Baringo;Eldama Ravine;Mumberes/Maji Mazuri;KE030;KE030162;KE0301620808
29;Baringo;Eldama Ravine;Lembus/Perkerra;KE030;KE030162;KE0301620809
30;Bungoma;Bumula;Kimaeti;KE039;KE039219;KE0392191093
31;Baringo;Eldama Ravine;Koibatek;KE030;KE030162;KE0301620810
32;Bomet;Sotik;Ndanai/Abosi;KE036;KE036194;KE0361940966
33;Bomet;Sotik;Chemagel;KE036;KE036194;KE0361940967
34;Bomet;Sotik;Kipsonoi;KE036;KE036194;KE0361940968
35;Bomet;Sotik;Kapletundo;KE036;KE036194;KE0361940969
36;Bomet;Sotik;Rongena/Chebilat;KE036;KE036194;KE0361940970
37;Bomet;Chepalungu;Kong'asis;KE036;KE036195;KE0361950971
38;Bomet;Chepalungu;Nyangores;KE036;KE036195;KE0361950972
39;Bomet;Chepalungu;Sigor;KE036;KE036195;KE0361950973
40;Bomet;Chepalungu;Chebunyo;KE036;KE036195;KE0361950974
41;Bomet;Chepalungu;Siongiroi;KE036;KE036195;KE0361950975
42;Bomet;Bomet East;Merigi;KE036;KE036196;KE0361960976
43;Bomet;Bomet East;Kembu;KE036;KE036196;KE0361960977
44;Bomet;Bomet East;Longisa;KE036;KE036196;KE0361960978
45;Bomet;Bomet East;Kipreres;KE036;KE036196;KE0361960979
46;Bomet;Bomet East;Chemaner;KE036;KE036196;KE0361960980
47;Bomet;Bomet Central;Silibwet Township;KE036;KE036197;KE0361970981
48;Bomet;Bomet Central;Ndaraweta;KE036;KE036197;KE0361970982
49;Bomet;Bomet Central;Sigorwet;KE036;KE036197;KE0361970983
50;Bomet;Bomet Central;Cheseon;KE036;KE036197;KE0361970984
51;Bomet;Bomet Central;Mutarakwa;KE036;KE036197;KE0361970985
52;Isiolo;Isiolo North;Wabera;KE011;KE011049;KE0110490241
53;Bomet;Konoin;Chepchabas;KE036;KE036198;KE0361980986
54;Bomet;Konoin;Kimulot;KE036;KE036198;KE0361980987
55;Bomet;Konoin;Mogogosieki;KE036;KE036198;KE0361980988
56;Bomet;Konoin;Boito;KE036;KE036198;KE0361980989
57;Bomet;Konoin;Embomos;KE036;KE036198;KE0361980990
58;Bungoma;Mt. Elgon;Cheptais;KE039;KE039216;KE0392161076
59;Bungoma;Mt. Elgon;Chesikaki;KE039;KE039216;KE0392161077
60;Bungoma;Mt. Elgon;Chepyuk;KE039;KE039216;KE0392161078
61;Bungoma;Mt. Elgon;Kapkateny;KE039;KE039216;KE0392161079
62;Bungoma;Mt. Elgon;Kaptama;KE039;KE039216;KE0392161080
63;Bungoma;Mt. Elgon;Elgon;KE039;KE039216;KE0392161081
64;Bungoma;Sirisia;Namwela;KE039;KE039217;KE0392171082
65;Bungoma;Sirisia;Malakisi/South Kulisiru;KE039;KE039217;KE0392171083
66;Bungoma;Sirisia;Lwandanyi;KE039;KE039217;KE0392171084
67;Bungoma;Kabuchai;Kabuchai/Chwele;KE039;KE039218;KE0392181085
68;Bungoma;Kabuchai;West Nalondo;KE039;KE039218;KE0392181086
69;Bungoma;Kabuchai;Bwake/Luuya;KE039;KE039218;KE0392181087
70;Bungoma;Kabuchai;Mukuyuni;KE039;KE039218;KE0392181088
71;Bungoma;Bumula;South Bukusu;KE039;KE039219;KE0392191089
72;Bungoma;Bumula;Bumula;KE039;KE039219;KE0392191090
73;Bungoma;Bumula;Khasoko;KE039;KE039219;KE0392191091
74;Bungoma;Bumula;West Bukusu;KE039;KE039219;KE0392191094
75;Bungoma;Bumula;Siboti;KE039;KE039219;KE0392191095
76;Bungoma;Kanduyi;Bukembe West;KE039;KE039220;KE0392201096
77;Bungoma;Kanduyi;Bukembe East;KE039;KE039220;KE0392201097
78;Bungoma;Kanduyi;Township;KE039;KE039220;KE0392201098
79;Bungoma;Kanduyi;Khalaba;KE039;KE039220;KE0392201099
80;Bungoma;Kanduyi;Musikoma;KE039;KE039220;KE0392201100
81;Bungoma;Kanduyi;East Sang'alo;KE039;KE039220;KE0392201101
82;Bungoma;Kanduyi;Marakary/Tuuti;KE039;KE039220;KE0392201102
83;Bungoma;Kanduyi;West Sang'alo;KE039;KE039220;KE0392201103
84;Bungoma;Webuye East;Mihuu;KE039;KE039221;KE0392211104
85;Bungoma;Webuye East;Ndivisi;KE039;KE039221;KE0392211105
86;Bungoma;Webuye East;Maraka;KE039;KE039221;KE0392211106
87;Bungoma;Webuye West;Misikhu;KE039;KE039222;KE0392221107
88;Bungoma;Webuye West;Sitikho;KE039;KE039222;KE0392221108
89;Bungoma;Webuye West;Matulo;KE039;KE039222;KE0392221109
90;Bungoma;Webuye West;Bokoli;KE039;KE039222;KE0392221110
91;Bungoma;Kimilili;Kibingei;KE039;KE039223;KE0392231111
92;Bungoma;Kimilili;Kimilili;KE039;KE039223;KE0392231112
93;Bungoma;Kimilili;Maeni;KE039;KE039223;KE0392231113
94;Bungoma;Kimilili;Kamukuywa;KE039;KE039223;KE0392231114
95;Bungoma;Tongaren;Mbakalo;KE039;KE039224;KE0392241115
96;Bungoma;Tongaren;Naitiri/Kabuyefwe;KE039;KE039224;KE0392241116
97;Bungoma;Tongaren;Milima;KE039;KE039224;KE0392241117
98;Bungoma;Tongaren;Ndalu;KE039;KE039224;KE0392241118
99;Bungoma;Tongaren;Tongaren;KE039;KE039224;KE0392241119
100;Bungoma;Tongaren;Soysambu/Mitua;KE039;KE039224;KE0392241120
101;Busia;Teso North;Malaba Central;KE040;KE040225;KE0402251121
102;Busia;Teso North;Malaba North;KE040;KE040225;KE0402251122
103;Busia;Teso North;Ang'urai South;KE040;KE040225;KE0402251123
104;Busia;Teso North;Ang'urai North;KE040;KE040225;KE0402251124
105;Busia;Teso North;Ang'urai East;KE040;KE040225;KE0402251125
106;Busia;Teso North;Malaba South;KE040;KE040225;KE0402251126
107;Busia;Teso South;Angorom;KE040;KE040226;KE0402261127
108;Busia;Teso South;Chakol South;KE040;KE040226;KE0402261128
109;Busia;Teso South;Chakol North;KE040;KE040226;KE0402261129
110;Busia;Teso South;Amukura West;KE040;KE040226;KE0402261130
111;Busia;Teso South;Amukura East;KE040;KE040226;KE0402261131
112;Busia;Teso South;Amukura Central;KE040;KE040226;KE0402261132
113;Busia;Nambale;Nambale;KE040;KE040227;KE0402271133
114;Busia;Nambale;Bukhayo North/Walatsi;KE040;KE040227;KE0402271134
115;Busia;Nambale;Bukhayo East;KE040;KE040227;KE0402271135
116;Busia;Nambale;Bukhayo Central;KE040;KE040227;KE0402271136
117;Busia;Matayos;Bukhayo West;KE040;KE040228;KE0402281137
118;Busia;Matayos;Mayenje;KE040;KE040228;KE0402281138
119;Busia;Matayos;Matayos South;KE040;KE040228;KE0402281139
120;Busia;Matayos;Busibwabo;KE040;KE040228;KE0402281140
121;Busia;Matayos;Burumba;KE040;KE040228;KE0402281141
122;Busia;Butula;Marachi West;KE040;KE040229;KE0402291142
123;Busia;Butula;Kingandole;KE040;KE040229;KE0402291143
124;Busia;Butula;Marachi Central;KE040;KE040229;KE0402291144
125;Busia;Butula;Marachi East;KE040;KE040229;KE0402291145
126;Busia;Butula;Marachi North;KE040;KE040229;KE0402291146
127;Busia;Butula;Elugulu;KE040;KE040229;KE0402291147
128;Busia;Funyula;Namboboto/Nambuku;KE040;KE040230;KE0402301148
129;Busia;Funyula;Nangina;KE040;KE040230;KE0402301149
130;Busia;Funyula;Ageng'a Nanguba;KE040;KE040230;KE0402301150
131;Busia;Funyula;Bwiri;KE040;KE040230;KE0402301151
132;Busia;Budalangi;Bunyala Central;KE040;KE040231;KE0402311152
133;Busia;Budalangi;Bunyala North;KE040;KE040231;KE0402311153
134;Busia;Budalangi;Bunyala West;KE040;KE040231;KE0402311154
135;Busia;Budalangi;Bunyala South;KE040;KE040231;KE0402311155
136;Elgeyo-Marakwet;Marakwet East;Kapyego;KE028;KE028147;KE0281470731
137;Elgeyo-Marakwet;Marakwet East;Sambirir;KE028;KE028147;KE0281470732
138;Elgeyo-Marakwet;Marakwet East;Endo;KE028;KE028147;KE0281470733
139;Elgeyo-Marakwet;Marakwet East;Embobut/Embulot;KE028;KE028147;KE0281470734
140;Elgeyo-Marakwet;Marakwet West;Lelan;KE028;KE028148;KE0281480735
141;Elgeyo-Marakwet;Marakwet West;Sengwer;KE028;KE028148;KE0281480736
142;Elgeyo-Marakwet;Marakwet West;Cheragany/Chebororwa;KE028;KE028148;KE0281480737
143;Elgeyo-Marakwet;Marakwet West;Moiben/Kuserwo;KE028;KE028148;KE0281480738
144;Elgeyo-Marakwet;Marakwet West;Kapsowar;KE028;KE028148;KE0281480739
145;Elgeyo-Marakwet;Marakwet West;Arror;KE028;KE028148;KE0281480740
146;Elgeyo-Marakwet;Keiyo North;Kimariny;KE028;KE028149;KE0281490741
147;Elgeyo-Marakwet;Keiyo North;Emsoo;KE028;KE028149;KE0281490742
148;Elgeyo-Marakwet;Keiyo North;Tambach;KE028;KE028149;KE0281490743
149;Elgeyo-Marakwet;Keiyo North;Kapchemutwa;KE028;KE028149;KE0281490744
150;Elgeyo-Marakwet;Keiyo South;Kaptarakwa;KE028;KE028150;KE0281500745
151;Elgeyo-Marakwet;Keiyo South;Chepkorio;KE028;KE028150;KE0281500746
152;Elgeyo-Marakwet;Keiyo South;Soy North;KE028;KE028150;KE0281500747
153;Elgeyo-Marakwet;Keiyo South;Soy South;KE028;KE028150;KE0281500748
154;Elgeyo-Marakwet;Keiyo South;Kabiemit;KE028;KE028150;KE0281500749
155;Elgeyo-Marakwet;Keiyo South;Metkei;KE028;KE028150;KE0281500750
156;Embu;Manyatta;Ruguru-Ngandori;KE014;KE014063;KE0140630311
157;Embu;Manyatta;Kithimu;KE014;KE014063;KE0140630312
158;Embu;Manyatta;Nginda;KE014;KE014063;KE0140630313
159;Embu;Manyatta;Mbeti North;KE014;KE014063;KE0140630314
160;Embu;Manyatta;Kirimani;KE014;KE014063;KE0140630315
161;Embu;Manyatta;Gaturi South;KE014;KE014063;KE0140630316
162;Embu;Runyenjes;Gaturi North;KE014;KE014064;KE0140640317
163;Embu;Runyenjes;Kagaari South;KE014;KE014064;KE0140640318
164;Embu;Runyenjes;Central;KE014;KE014064;KE0140640319
165;Embu;Runyenjes;Kagaari North;KE014;KE014064;KE0140640320
166;Embu;Runyenjes;Kyeni North East;KE014;KE014064;KE0140640321
167;Embu;Runyenjes;Kyeni South;KE014;KE014064;KE0140640322
168;Embu;Gachoka;Mwea;KE014;KE014065;KE0140650323
169;Embu;Gachoka;Makima;KE014;KE014065;KE0140650324
170;Embu;Gachoka;Mbeti South;KE014;KE014065;KE0140650325
171;Embu;Gachoka;Mavuria;KE014;KE014065;KE0140650326
172;Embu;Gachoka;Kiambere;KE014;KE014065;KE0140650327
173;Embu;Siakago;Nthawa;KE014;KE014066;KE0140660328
174;Embu;Siakago;Muminji;KE014;KE014066;KE0140660329
175;Embu;Siakago;Evurore;KE014;KE014066;KE0140660330
176;Garissa;Dujis;Township;KE007;KE007027;KE0070270131
177;Garissa;Dujis;Galbet;KE007;KE007027;KE0070270132
178;Garissa;Dujis;Township;KE007;KE007027;KE0070270133
179;Garissa;Dujis;Township;KE007;KE007027;KE0070270134
180;Garissa;Balambala;Balambala;KE007;KE007028;KE0070280135
181;Garissa;Balambala;Danyere;KE007;KE007028;KE0070280136
182;Garissa;Balambala;Jarajara;KE007;KE007028;KE0070280137
183;Garissa;Balambala;Saka;KE007;KE007028;KE0070280138
184;Garissa;Balambala;Sankuri;KE007;KE007028;KE0070280139
185;Garissa;Lagdera;Modogashe;KE007;KE007029;KE0070290140
186;Garissa;Lagdera;Benane;KE007;KE007029;KE0070290141
187;Garissa;Lagdera;Goreale;KE007;KE007029;KE0070290142
188;Garissa;Lagdera;Maalamin;KE007;KE007029;KE0070290143
189;Garissa;Lagdera;Sabena;KE007;KE007029;KE0070290144
190;Garissa;Lagdera;Baraki;KE007;KE007029;KE0070290145
191;Garissa;Dadaab;Dertu;KE007;KE007030;KE0070300146
192;Garissa;Dadaab;Dadaab;KE007;KE007030;KE0070300147
193;Garissa;Dadaab;Labisigale;KE007;KE007030;KE0070300148
194;Homa Bay;Rangwe;East Gem;KE043;KE043248;KE0432481238
195;Isiolo;Isiolo North;Bula Pesa;KE011;KE011049;KE0110490242
196;Garissa;Dadaab;Damajale;KE007;KE007030;KE0070300149
197;Garissa;Dadaab;Liboi;KE007;KE007030;KE0070300150
198;Garissa;Dadaab;Abakaile;KE007;KE007030;KE0070300151
199;Garissa;Fafi;Bura;KE007;KE007031;KE0070310152
200;Garissa;Fafi;Dekaharia;KE007;KE007031;KE0070310153
201;Garissa;Fafi;Jarajila;KE007;KE007031;KE0070310154
202;Garissa;Fafi;Fafi;KE007;KE007031;KE0070310155
203;Garissa;Fafi;Nanighi;KE007;KE007031;KE0070310156
204;Garissa;Ijara;Hulugho;KE007;KE007032;KE0070320157
205;Homa Bay;Rangwe;Kagan;KE043;KE043248;KE0432481239
206;Garissa;Ijara;Sangailu;KE007;KE007032;KE0070320158
207;Garissa;Ijara;Ijara;KE007;KE007032;KE0070320159
208;Garissa;Ijara;Masalani;KE007;KE007032;KE0070320160
209;Homa Bay;Kasipul;West Kasipul;KE043;KE043245;KE0432451221
210;Homa Bay;Kasipul;South Kasipul;KE043;KE043245;KE0432451222
211;Homa Bay;Kasipul;Central Kasipul;KE043;KE043245;KE0432451223
212;Homa Bay;Kasipul;East Kamagak;KE043;KE043245;KE0432451224
213;Homa Bay;Kasipul;West Kamagak;KE043;KE043245;KE0432451225
214;Homa Bay;Kabondo Kasipul;Kabondo East;KE043;KE043246;KE0432461226
215;Homa Bay;Kabondo Kasipul;Kabondo West;KE043;KE043246;KE0432461227
216;Homa Bay;Kabondo Kasipul;Kokwanyo/Kakelo;KE043;KE043246;KE0432461228
217;Homa Bay;Kabondo Kasipul;Kojwach;KE043;KE043246;KE0432461229
218;Homa Bay;Karachuonyo;West Karachuonyo;KE043;KE043247;KE0432471230
219;Homa Bay;Karachuonyo;North Karachuonyo;KE043;KE043247;KE0432471231
220;Homa Bay;Karachuonyo;Central;KE043;KE043247;KE0432471232
221;Homa Bay;Karachuonyo;Kanyaluo;KE043;KE043247;KE0432471233
222;Homa Bay;Karachuonyo;Kibiri;KE043;KE043247;KE0432471234
223;Homa Bay;Karachuonyo;Wang'chieng;KE043;KE043247;KE0432471235
224;Homa Bay;Karachuonyo;Kendu Bay Town;KE043;KE043247;KE0432471236
225;Homa Bay;Rangwe;West Gem;KE043;KE043248;KE0432481237
226;Homa Bay;Rangwe;Kochia;KE043;KE043248;KE0432481240
227;Homa Bay;Homa Bay;Homa Bay Central;KE043;KE043249;KE0432491241
228;Homa Bay;Homa Bay;Homa Bay Arujo;KE043;KE043249;KE0432491242
229;Homa Bay;Homa Bay;Homa Bay West;KE043;KE043249;KE0432491243
230;Homa Bay;Homa Bay;Homa Bay East;KE043;KE043249;KE0432491244
231;Homa Bay;Ndhiwa;Kwabwai;KE043;KE043250;KE0432501245
232;Homa Bay;Ndhiwa;Kanyadoto;KE043;KE043250;KE0432501246
233;Homa Bay;Ndhiwa;Kanyikela;KE043;KE043250;KE0432501247
234;Homa Bay;Ndhiwa;Kabuoch North;KE043;KE043250;KE0432501248
235;Homa Bay;Ndhiwa;Kabuoch/Pala;KE043;KE043250;KE0432501249
236;Homa Bay;Ndhiwa;Kanyamwa Kologi;KE043;KE043250;KE0432501250
237;Homa Bay;Ndhiwa;Kanyamwa Kosewe;KE043;KE043250;KE0432501251
238;Homa Bay;Suba North;Mfangano Island;KE043;KE043251;KE0432511252
239;Homa Bay;Suba North;Rusinga Island;KE043;KE043251;KE0432511253
240;Homa Bay;Suba North;Kasgunga;KE043;KE043251;KE0432511254
241;Homa Bay;Suba North;Gembe;KE043;KE043251;KE0432511255
242;Homa Bay;Suba North;Lambwe;KE043;KE043251;KE0432511256
243;Homa Bay;Suba South;Gwassi South;KE043;KE043252;KE0432521257
244;Homa Bay;Suba South;Gwassi North;KE043;KE043252;KE0432521258
245;Homa Bay;Suba South;Kaksingiri West;KE043;KE043252;KE0432521259
246;Homa Bay;Suba South;Kaksingiri East;KE043;KE043252;KE0432521260
247;Isiolo;Isiolo North;Chari;KE011;KE011049;KE0110490243
248;Isiolo;Isiolo North;Cherab;KE011;KE011049;KE0110490244
249;Isiolo;Isiolo North;Ngare Mara;KE011;KE011049;KE0110490245
250;Isiolo;Isiolo North;Burat;KE011;KE011049;KE0110490246
251;Isiolo;Isiolo North;Oldonyiro;KE011;KE011049;KE0110490247
252;Isiolo;Isiolo South;Garbatulla;KE011;KE011050;KE0110500248
253;Isiolo;Isiolo South;Kinna;KE011;KE011050;KE0110500249
254;Kakamega;Khwisero;Kisa North;KE037;KE037208;KE0372081037
255;Isiolo;Isiolo South;Sericho;KE011;KE011050;KE0110500250
256;Kajiado;Kajiado North;Olkeri;KE034;KE034183;KE0341830911
257;Kajiado;Kajiado North;Ongat Rongai;KE034;KE034183;KE0341830912
258;Kajiado;Kajiado North;Nkaimurunya;KE034;KE034183;KE0341830913
259;Kajiado;Kajiado North;Oloolua;KE034;KE034183;KE0341830914
260;Kajiado;Kajiado North;Ngong;KE034;KE034183;KE0341830915
261;Kajiado;Kajiado Central;Purko;KE034;KE034184;KE0341840916
262;Kajiado;Kajiado Central;Ildamat;KE034;KE034184;KE0341840917
263;Kajiado;Kajiado Central;Dalalekutuk;KE034;KE034184;KE0341840918
264;Kajiado;Kajiado Central;Matapato North;KE034;KE034184;KE0341840919
265;Kajiado;Kajiado Central;Matapato South;KE034;KE034184;KE0341840920
266;Kajiado;Kajiado West;Kaputiei North;KE034;KE034185;KE0341850921
267;Kajiado;Kajiado West;Kitengela;KE034;KE034185;KE0341850922
268;Kajiado;Kajiado West;Oloosirkon/Sholinke;KE034;KE034185;KE0341850923
269;Kakamega;Lugari;Mautuma;KE037;KE037199;KE0371990991
270;Mombasa;Kisauni;Mjambere;KE001;KE001003;KE0010030009
271;Kajiado;Kajiado West;Kenyewa-Poka;KE034;KE034185;KE0341850924
272;Kajiado;Kajiado West;Imaroro;KE034;KE034185;KE0341850925
273;Kajiado;Kajiado East;Keekonyokie;KE034;KE034186;KE0341860926
274;Kajiado;Kajiado East;Oloodokilan;KE034;KE034186;KE0341860927
275;Kajiado;Kajiado East;Magadi;KE034;KE034186;KE0341860928
276;Kajiado;Kajiado East;Ewuaso Kedong;KE034;KE034186;KE0341860929
277;Kajiado;Kajiado East;Mosiro;KE034;KE034186;KE0341860930
278;Kajiado;Kajiado South;Entonet/Lengism;KE034;KE034187;KE0341870931
279;Kajiado;Kajiado South;Imbirikani/Esselengei;KE034;KE034187;KE0341870932
280;Kajiado;Kajiado South;Kuku;KE034;KE034187;KE0341870933
281;Kajiado;Kajiado South;Rombo;KE034;KE034187;KE0341870934
282;Kajiado;Kajiado South;Kimana;KE034;KE034187;KE0341870935
283;Kakamega;Lugari;Lugari;KE037;KE037199;KE0371990992
284;Kakamega;Lugari;Lumakanda;KE037;KE037199;KE0371990993
285;Kakamega;Lugari;Chekalini;KE037;KE037199;KE0371990994
286;Kakamega;Lugari;Chevaywa;KE037;KE037199;KE0371990995
287;Kakamega;Lugari;Luandeti;KE037;KE037199;KE0371990996
288;Kakamega;Likuyani;Likuyani;KE037;KE037200;KE0372000997
289;Kakamega;Likuyani;Sango;KE037;KE037200;KE0372000998
290;Kakamega;Likuyani;Kongoni;KE037;KE037200;KE0372000999
291;Kakamega;Likuyani;Nzoia;KE037;KE037200;KE0372001000
292;Kakamega;Likuyani;Sinoko;KE037;KE037200;KE0372001001
293;Kakamega;Malava;West Kabras;KE037;KE037201;KE0372011002
294;Kakamega;Malava;Chemuche;KE037;KE037201;KE0372011003
295;Kakamega;Malava;East Kabras;KE037;KE037201;KE0372011004
296;Kakamega;Malava;Butali/Chegulo;KE037;KE037201;KE0372011005
297;Kakamega;Malava;Manda/Shivanga;KE037;KE037201;KE0372011006
298;Kakamega;Malava;Shirugu/Mugai;KE037;KE037201;KE0372011007
299;Kakamega;Malava;South Kabras;KE037;KE037201;KE0372011008
300;Kakamega;Lurambi;Butsotso East;KE037;KE037202;KE0372021009
301;Kakamega;Lurambi;South Butsotso;KE037;KE037202;KE0372021010
302;Kakamega;Lurambi;Central Butsotso;KE037;KE037202;KE0372021011
303;Kakamega;Lurambi;Shieywe;KE037;KE037202;KE0372021012
304;Kakamega;Butere;Marenyo/Shianda;KE037;KE037207;KE0372071034
305;Kakamega;Butere;Marama North;KE037;KE037207;KE0372071035
306;Kakamega;Butere;Marama South;KE037;KE037207;KE0372071036
307;Kakamega;Lurambi;Mahiakalo;KE037;KE037202;KE0372021013
308;Kakamega;Lurambi;Shirere;KE037;KE037202;KE0372021014
309;Kakamega;Navakholo;Ingotse-Matiha;KE037;KE037203;KE0372031015
310;Kakamega;Navakholo;Shinoyi-Shikomari-Esumeiya;KE037;KE037203;KE0372031016
311;Kakamega;Navakholo;Bunyala West;KE037;KE037203;KE0372031017
312;Kakamega;Navakholo;Bunyala East;KE037;KE037203;KE0372031018
313;Kakamega;Navakholo;Bunyala Central;KE037;KE037203;KE0372031019
314;Kakamega;Mumias West;Mumias Central;KE037;KE037204;KE0372041020
315;Kakamega;Mumias West;Mumias North;KE037;KE037204;KE0372041021
316;Kakamega;Mumias West;Etenje;KE037;KE037204;KE0372041022
317;Kakamega;Mumias West;Musanda;KE037;KE037204;KE0372041023
318;Kakamega;Mumias East;Lusheya/Lubinu;KE037;KE037205;KE0372051024
319;Kakamega;Mumias East;Malaha/Isongo/Makunga;KE037;KE037205;KE0372051025
320;Kakamega;Mumias East;East Wanga;KE037;KE037205;KE0372051026
321;Kakamega;Matungu;Koyonzo;KE037;KE037206;KE0372061027
322;Kakamega;Matungu;Kholera;KE037;KE037206;KE0372061028
323;Kakamega;Matungu;Khalaba;KE037;KE037206;KE0372061029
324;Kakamega;Matungu;Mayoni;KE037;KE037206;KE0372061030
325;Kakamega;Matungu;Namamali;KE037;KE037206;KE0372061031
326;Kakamega;Butere;Marama West;KE037;KE037207;KE0372071032
327;Kakamega;Butere;Marama Central;KE037;KE037207;KE0372071033
328;Kakamega;Khwisero;Kisa East;KE037;KE037208;KE0372081038
329;Kakamega;Khwisero;Kisa West;KE037;KE037208;KE0372081039
330;Kakamega;Khwisero;Kisa Central;KE037;KE037208;KE0372081040
331;Kakamega;Shinyalu;Isukha North;KE037;KE037209;KE0372091041
332;Kakamega;Shinyalu;Murhanda;KE037;KE037209;KE0372091042
333;Kakamega;Shinyalu;Isukha Central;KE037;KE037209;KE0372091043
334;Kakamega;Shinyalu;Isukha South;KE037;KE037209;KE0372091044
335;Kericho;Kipkelion East;Tendeno/Sorget;KE035;KE035188;KE0351880939
336;Kericho;Kipkelion West;Kunyak;KE035;KE035189;KE0351890940
337;Kericho;Kipkelion West;Kamasian;KE035;KE035189;KE0351890941
338;Kericho;Kipkelion West;Kipkelion;KE035;KE035189;KE0351890942
339;Kericho;Kipkelion West;Chilchila;KE035;KE035189;KE0351890943
340;Kericho;Ainamoi;Kapsoit;KE035;KE035190;KE0351900944
341;Kakamega;Shinyalu;Isukha East;KE037;KE037209;KE0372091045
342;Kakamega;Shinyalu;Isukha West;KE037;KE037209;KE0372091046
343;Kakamega;Ikolomani;Idakho South;KE037;KE037210;KE0372101047
344;Kakamega;Ikolomani;Idakho East;KE037;KE037210;KE0372101048
345;Kakamega;Ikolomani;Idakho North;KE037;KE037210;KE0372101049
346;Kakamega;Ikolomani;Idakho Central;KE037;KE037210;KE0372101050
347;Kericho;Kipkelion East;Londiani;KE035;KE035188;KE0351880936
348;Kericho;Kipkelion East;Kedowa/Kimugul;KE035;KE035188;KE0351880937
349;Kericho;Kipkelion East;Chepseon;KE035;KE035188;KE0351880938
350;Kericho;Ainamoi;Ainamoi;KE035;KE035190;KE0351900945
351;Kericho;Ainamoi;Kapkugerwet;KE035;KE035190;KE0351900946
352;Kericho;Ainamoi;Kipchebor;KE035;KE035190;KE0351900947
353;Kericho;Ainamoi;Kipchimchim;KE035;KE035190;KE0351900948
354;Kericho;Ainamoi;Kapsaos;KE035;KE035190;KE0351900949
355;Kericho;Buret;Kisiara;KE035;KE035191;KE0351910950
356;Kericho;Buret;Tebesonik;KE035;KE035191;KE0351910951
357;Kericho;Buret;Cheboin;KE035;KE035191;KE0351910952
358;Kericho;Buret;Chemosot;KE035;KE035191;KE0351910953
359;Kericho;Buret;Litein;KE035;KE035191;KE0351910954
360;Kericho;Buret;Cheplanget;KE035;KE035191;KE0351910955
361;Kericho;Buret;Kapkatet;KE035;KE035191;KE0351910956
362;Kericho;Belgut;Waldai;KE035;KE035192;KE0351920957
363;Kericho;Belgut;Kabianga;KE035;KE035192;KE0351920958
364;Kericho;Belgut;Cheptororiet/Seretut;KE035;KE035192;KE0351920959
365;Kericho;Belgut;Chaik;KE035;KE035192;KE0351920960
366;Kericho;Belgut;Kapsuser;KE035;KE035192;KE0351920961
367;Kericho;Sigowet/Soin;Sigowet;KE035;KE035193;KE0351930962
368;Kericho;Sigowet/Soin;Kaplelartet;KE035;KE035193;KE0351930963
369;Kericho;Sigowet/Soin;Soliat;KE035;KE035193;KE0351930964
370;Kericho;Sigowet/Soin;Soin;KE035;KE035193;KE0351930965
371;Kiambu;Gatundu South;Kiamwangi;KE022;KE022111;KE0221110551
372;Kiambu;Gatundu South;Kiganjo;KE022;KE022111;KE0221110552
373;Kiambu;Gatundu South;Ndarugu;KE022;KE022111;KE0221110553
374;Kiambu;Gatundu South;Ngenda;KE022;KE022111;KE0221110554
375;Kiambu;Gatundu North;Gituamba;KE022;KE022112;KE0221120555
376;Kiambu;Gatundu North;Githobokoni;KE022;KE022112;KE0221120556
377;Kiambu;Gatundu North;Chania;KE022;KE022112;KE0221120557
378;Kiambu;Gatundu North;Mangu;KE022;KE022112;KE0221120558
379;Kiambu;Juja;Murera;KE022;KE022113;KE0221130559
380;Kiambu;Juja;Theta;KE022;KE022113;KE0221130560
381;Kiambu;Juja;Juja;KE022;KE022113;KE0221130561
382;Kiambu;Juja;Witeithie;KE022;KE022113;KE0221130562
383;Kiambu;Juja;Kalimoni;KE022;KE022113;KE0221130563
384;Kiambu;Thika Town;Township;KE022;KE022114;KE0221140564
385;Kiambu;Thika Town;Kamenu;KE022;KE022114;KE0221140565
386;Kiambu;Thika Town;Hospital;KE022;KE022114;KE0221140566
387;Kiambu;Thika Town;Gatuanyaga;KE022;KE022114;KE0221140567
388;Kiambu;Thika Town;Ngoliba;KE022;KE022114;KE0221140568
389;Kiambu;Ruiru;Gitothua;KE022;KE022115;KE0221150569
390;Kiambu;Ruiru;Biashara;KE022;KE022115;KE0221150570
391;Kiambu;Ruiru;Gatongora;KE022;KE022115;KE0221150571
392;Kiambu;Ruiru;Kahawa Sukari;KE022;KE022115;KE0221150572
393;Kiambu;Ruiru;Kahawa Wendani;KE022;KE022115;KE0221150573
394;Kiambu;Ruiru;Kiuu;KE022;KE022115;KE0221150574
395;Kiambu;Ruiru;Mwiki;KE022;KE022115;KE0221150575
396;Kiambu;Ruiru;Mwihoko;KE022;KE022115;KE0221150576
397;Kiambu;Githunguri;Githunguri;KE022;KE022116;KE0221160577
398;Nairobi;Kibra;Makina;KE047;KE047278;KE0472781388
399;Kiambu;Githunguri;Githiga;KE022;KE022116;KE0221160578
400;Kiambu;Githunguri;Ikinu;KE022;KE022116;KE0221160579
401;Kiambu;Githunguri;Ngewa;KE022;KE022116;KE0221160580
402;Kiambu;Githunguri;Komothai;KE022;KE022116;KE0221160581
403;Kiambu;Kiambu;Ting'ang'a;KE022;KE022117;KE0221170582
404;Kiambu;Kiambu;Ndumberi;KE022;KE022117;KE0221170583
405;Kiambu;Kiambu;Riabai;KE022;KE022117;KE0221170584
406;Kiambu;Kiambu;Township;KE022;KE022117;KE0221170585
407;Kiambu;Kiambaa;Cianda;KE022;KE022118;KE0221180586
408;Kiambu;Kiambaa;Karuri;KE022;KE022118;KE0221180587
409;Kiambu;Kiambaa;Nenderu;KE022;KE022118;KE0221180588
410;Kiambu;Kiambaa;Muchatha;KE022;KE022118;KE0221180589
411;Kiambu;Kiambaa;Kihara;KE022;KE022118;KE0221180590
412;Kiambu;Kabete;Gitaru;KE022;KE022119;KE0221190591
413;Kiambu;Kabete;Muguga;KE022;KE022119;KE0221190592
414;Kiambu;Kabete;Nyathuna;KE022;KE022119;KE0221190593
415;Kiambu;Kabete;Kabete;KE022;KE022119;KE0221190594
416;Kiambu;Kabete;Uthiru;KE022;KE022119;KE0221190595
417;Kiambu;Kikuyu;Karai;KE022;KE022120;KE0221200596
418;Kiambu;Kikuyu;Nachu;KE022;KE022120;KE0221200597
419;Kiambu;Kikuyu;Sigona;KE022;KE022120;KE0221200598
420;Kiambu;Kikuyu;Kikuyu;KE022;KE022120;KE0221200599
421;Kiambu;Kikuyu;Kinoo;KE022;KE022120;KE0221200600
422;Kiambu;Limuru;Bibirioni;KE022;KE022121;KE0221210601
423;Kiambu;Limuru;Limuru Central;KE022;KE022121;KE0221210602
424;Kiambu;Limuru;Ndeiya;KE022;KE022121;KE0221210603
425;Kiambu;Limuru;Limuru East;KE022;KE022121;KE0221210604
426;Kiambu;Limuru;Ngecha/Tigoni;KE022;KE022121;KE0221210605
427;Kisii;Bobasi;Masige West;KE045;KE045264;KE0452641315
428;Kiambu;Lari;Kinale;KE022;KE022122;KE0221220606
429;Kiambu;Lari;Kijabe;KE022;KE022122;KE0221220607
430;Kiambu;Lari;Nyanduma;KE022;KE022122;KE0221220608
431;Kiambu;Lari;Kamburu;KE022;KE022122;KE0221220609
432;Kiambu;Lari;Lari/Kirenga;KE022;KE022122;KE0221220610
433;Kilifi;Kilifi North;Tezo;KE003;KE003011;KE0030110051
434;Kilifi;Kilifi North;Sokoni;KE003;KE003011;KE0030110052
435;Kilifi;Kilifi North;Kibarani;KE003;KE003011;KE0030110053
436;Kilifi;Kilifi North;Dabaso;KE003;KE003011;KE0030110054
437;Kilifi;Kilifi North;Matsangoni;KE003;KE003011;KE0030110055
438;Kilifi;Kilifi North;Watamu;KE003;KE003011;KE0030110056
439;Kilifi;Kilifi North;Mnarani;KE003;KE003011;KE0030110057
440;Kilifi;Kilifi South;Junju;KE003;KE003012;KE0030120058
441;Kilifi;Kilifi South;Mwarakaya;KE003;KE003012;KE0030120059
442;Kilifi;Kilifi South;Shimo La Tewa;KE003;KE003012;KE0030120060
443;Kilifi;Kilifi South;Chasimba;KE003;KE003012;KE0030120061
444;Kilifi;Kilifi South;Mtepeni;KE003;KE003012;KE0030120062
445;Kilifi;Kaloleni;Mariakani;KE003;KE003013;KE0030130063
446;Kilifi;Kaloleni;Kayafungo;KE003;KE003013;KE0030130064
447;Kilifi;Kaloleni;Kaloleni;KE003;KE003013;KE0030130065
448;Kilifi;Kaloleni;Mwanamwinga;KE003;KE003013;KE0030130066
449;Kilifi;Rabai;Mwawesa;KE003;KE003014;KE0030140067
450;Kilifi;Rabai;Ruruma;KE003;KE003014;KE0030140068
451;Kilifi;Rabai;Kambe/Ribe;KE003;KE003014;KE0030140069
452;Kilifi;Rabai;Rabai/Kisurutini;KE003;KE003014;KE0030140070
453;Kilifi;Ganze;Ganze;KE003;KE003015;KE0030150071
454;Kilifi;Ganze;Bamba;KE003;KE003015;KE0030150072
455;Kilifi;Ganze;Jaribuni;KE003;KE003015;KE0030150073
456;Kilifi;Ganze;Sokoke;KE003;KE003015;KE0030150074
457;Kilifi;Malindi;Jilore;KE003;KE003016;KE0030160075
458;Kilifi;Malindi;Kakuyuni;KE003;KE003016;KE0030160076
459;Kilifi;Malindi;Ganda;KE003;KE003016;KE0030160077
460;Kilifi;Malindi;Malindi Town;KE003;KE003016;KE0030160078
461;Kilifi;Malindi;Shella;KE003;KE003016;KE0030160079
462;Kilifi;Magarini;Marafa;KE003;KE003017;KE0030170080
463;Kilifi;Magarini;Magarini;KE003;KE003017;KE0030170081
464;Kilifi;Magarini;Gongoni;KE003;KE003017;KE0030170082
465;Kilifi;Magarini;Adu;KE003;KE003017;KE0030170083
466;Kilifi;Magarini;Garashi;KE003;KE003017;KE0030170084
467;Kilifi;Magarini;Sabaki;KE003;KE003017;KE0030170085
468;Kirinyaga;Mwea;Mutithi;KE020;KE020100;KE0201000496
469;Kirinyaga;Mwea;Kangai;KE020;KE020100;KE0201000497
470;Kirinyaga;Mwea;Thiba;KE020;KE020100;KE0201000498
471;Kirinyaga;Mwea;Wamumu;KE020;KE020100;KE0201000499
472;Kirinyaga;Mwea;Nyangati;KE020;KE020100;KE0201000500
473;Kirinyaga;Mwea;Murinduko;KE020;KE020100;KE0201000501
474;Kirinyaga;Mwea;Gathigiriri;KE020;KE020100;KE0201000502
475;Kirinyaga;Mwea;Tebere;KE020;KE020100;KE0201000503
476;Kirinyaga;Gichugu;Kabare;KE020;KE020101;KE0201010504
477;Kirinyaga;Gichugu;Baragwi;KE020;KE020101;KE0201010505
478;Kirinyaga;Gichugu;Njuki-Ini;KE020;KE020101;KE0201010506
479;Kirinyaga;Gichugu;Ngariama;KE020;KE020101;KE0201010507
480;Kirinyaga;Gichugu;Karumandi;KE020;KE020101;KE0201010508
481;Kirinyaga;Ndia;Mukure;KE020;KE020102;KE0201020509
482;Kisii;Bobasi;Masige East;KE045;KE045264;KE0452641316
483;Kirinyaga;Ndia;Kiine;KE020;KE020102;KE0201020510
484;Kirinyaga;Ndia;Kariti;KE020;KE020102;KE0201020511
485;Kirinyaga;Kirinyaga Central;Mutira;KE020;KE020103;KE0201030512
486;Kirinyaga;Kirinyaga Central;Kanyekini;KE020;KE020103;KE0201030513
487;Kirinyaga;Kirinyaga Central;Kerugoya;KE020;KE020103;KE0201030514
488;Kirinyaga;Kirinyaga Central;Inoi;KE020;KE020103;KE0201030515
489;Kisii;Bonchari;Bomariba;KE045;KE045261;KE0452611301
490;Kisii;Bonchari;Bokiakumi;KE045;KE045261;KE0452611302
491;Kisii;Bonchari;Bomorenda;KE045;KE045261;KE0452611303
492;Kisii;Bonchari;Riana;KE045;KE045261;KE0452611304
493;Kisii;South Mugirango;Tabaka;KE045;KE045262;KE0452621305
494;Kisii;South Mugirango;Boikanga;KE045;KE045262;KE0452621306
495;Kisii;South Mugirango;Bogetenga;KE045;KE045262;KE0452621307
496;Kisii;South Mugirango;Borabu/Chitago;KE045;KE045262;KE0452621308
497;Kisii;South Mugirango;Moticho;KE045;KE045262;KE0452621309
498;Kisii;South Mugirango;Getenga;KE045;KE045262;KE0452621310
499;Kisii;Bomachoge Borabu;Bombaba Borabu;KE045;KE045263;KE0452631311
500;Kisii;Bomachoge Borabu;Boochi Borabu;KE045;KE045263;KE0452631312
501;Kisii;Bomachoge Borabu;Bokimonge;KE045;KE045263;KE0452631313
502;Kisii;Bomachoge Borabu;Magenche;KE045;KE045263;KE0452631314
503;Kisii;Bobasi;Bassi Central;KE045;KE045264;KE0452641317
504;Kisii;Bobasi;Nyacheki;KE045;KE045264;KE0452641318
505;Kisii;Bobasi;Bassi Bogetaorio;KE045;KE045264;KE0452641319
506;Kisii;Bobasi;Bobasi Chache;KE045;KE045264;KE0452641320
507;Kisii;Bobasi;Sameta/Mokwerero;KE045;KE045264;KE0452641321
508;Kisii;Bobasi;Bobasi/Boitangare;KE045;KE045264;KE0452641322
509;Kisii;Bomachoge Chache;Majoge Bassi;KE045;KE045265;KE0452651323
510;Kisii;Bomachoge Chache;Boochi/Tendere;KE045;KE045265;KE0452651324
511;Kisii;Bomachoge Chache;Bosoti/Sengera;KE045;KE045265;KE0452651325
512;Kisii;Nyaribari Masaba;Ichuni;KE045;KE045266;KE0452661326
513;Kisii;Nyaribari Masaba;Nyamasibi;KE045;KE045266;KE0452661327
514;Kisii;Nyaribari Masaba;Masimba;KE045;KE045266;KE0452661328
515;Kisii;Nyaribari Masaba;Gesusu;KE045;KE045266;KE0452661329
516;Kisii;Nyaribari Masaba;Kiamokama;KE045;KE045266;KE0452661330
517;Kisii;Nyaribari Chache;Bobaracho;KE045;KE045267;KE0452671331
518;Kisii;Nyaribari Chache;Kisii Central;KE045;KE045267;KE0452671332
519;Kisii;Nyaribari Chache;Keumbu;KE045;KE045267;KE0452671333
520;Kisii;Nyaribari Chache;Kiogoro;KE045;KE045267;KE0452671334
521;Kisii;Nyaribari Chache;Birongo;KE045;KE045267;KE0452671335
522;Kisii;Nyaribari Chache;Ibeno;KE045;KE045267;KE0452671336
523;Kisii;Kitutu Chache North;Monyerero;KE045;KE045268;KE0452681337
524;Kisii;Kitutu Chache North;Sensi;KE045;KE045268;KE0452681338
525;Kisii;Kitutu Chache North;Marani;KE045;KE045268;KE0452681339
526;Kisii;Kitutu Chache North;Kegogi;KE045;KE045268;KE0452681340
527;Kisii;Kitutu Chache South;Bogusero;KE045;KE045269;KE0452691341
528;Kisii;Kitutu Chache South;Bogeka;KE045;KE045269;KE0452691342
529;Kisii;Kitutu Chache South;Nyakoe;KE045;KE045269;KE0452691343
530;Kisii;Kitutu Chache South;Kitutu Central;KE045;KE045269;KE0452691344
531;Kisii;Kitutu Chache South;Nyatieko;KE045;KE045269;KE0452691345
532;Kisumu;Kisumu East;Kajulu;KE042;KE042238;KE0422381186
533;Kisumu;Kisumu East;Kolwa East;KE042;KE042238;KE0422381187
534;Kisumu;Kisumu East;Manyatta 'B';KE042;KE042238;KE0422381188
535;Kisumu;Kisumu East;Nyalenda 'A';KE042;KE042238;KE0422381189
536;Kisumu;Kisumu East;Kolwa Central;KE042;KE042238;KE0422381190
537;Kisumu;Kisumu West;South West Kisumu;KE042;KE042239;KE0422391191
538;Kisumu;Kisumu West;Central Kisumu;KE042;KE042239;KE0422391192
539;Kisumu;Kisumu West;Kisumu North;KE042;KE042239;KE0422391193
540;Kisumu;Kisumu West;West Kisumu;KE042;KE042239;KE0422391194
541;Kisumu;Kisumu West;North West Kisumu;KE042;KE042239;KE0422391195
542;Kisumu;Kisumu Central;Railways;KE042;KE042240;KE0422401196
543;Kisumu;Kisumu Central;Migosi;KE042;KE042240;KE0422401197
544;Kisumu;Kisumu Central;Shauri Moyo/Kaloleni;KE042;KE042240;KE0422401198
545;Kisumu;Kisumu Central;Market Milimani;KE042;KE042240;KE0422401199
546;Kisumu;Kisumu Central;Kondele;KE042;KE042240;KE0422401200
547;Kisumu;Kisumu Central;Nyalenda 'B';KE042;KE042240;KE0422401201
548;Kisumu;Seme;West Seme;KE042;KE042241;KE0422411202
549;Kisumu;Seme;Central Seme;KE042;KE042241;KE0422411203
550;Kisumu;Seme;East Seme;KE042;KE042241;KE0422411204
551;Kisumu;Seme;North Seme;KE042;KE042241;KE0422411205
552;Kisumu;Nyando;East Kano/Wawidhi;KE042;KE042242;KE0422421206
553;Kisumu;Nyando;Awasi/Onjiko;KE042;KE042242;KE0422421207
554;Kisumu;Nyando;Ahero;KE042;KE042242;KE0422421208
555;Kisumu;Nyando;Kabonyo/Kanyagwal;KE042;KE042242;KE0422421209
556;Kisumu;Nyando;Kobura;KE042;KE042242;KE0422421210
557;Meru;Tigania West;Akithii;KE012;KE012054;KE0120540267
558;Kisumu;Muhoroni;Miwani;KE042;KE042243;KE0422431211
559;Kisumu;Muhoroni;Ombeyi;KE042;KE042243;KE0422431212
560;Kisumu;Muhoroni;Masogo/Nyang'oma;KE042;KE042243;KE0422431213
561;Kisumu;Muhoroni;Chemilil;KE042;KE042243;KE0422431214
562;Kisumu;Muhoroni;Muhoroni Koru;KE042;KE042243;KE0422431215
563;Kisumu;Nyakach;South West Nyakach;KE042;KE042244;KE0422441216
564;Kisumu;Nyakach;North Nyakach;KE042;KE042244;KE0422441217
565;Kisumu;Nyakach;Central Nyakach;KE042;KE042244;KE0422441218
566;Kisumu;Nyakach;West Nyakach;KE042;KE042244;KE0422441219
567;Kisumu;Nyakach;South East Nyakach;KE042;KE042244;KE0422441220
568;Kitui;Mwingi North;Ngomeni;KE015;KE015067;KE0150670331
569;Kitui;Mwingi North;Kyuso;KE015;KE015067;KE0150670332
570;Kitui;Mwingi North;Mumoni;KE015;KE015067;KE0150670333
571;Kitui;Mwingi North;Tseikuru;KE015;KE015067;KE0150670334
572;Kitui;Mwingi North;Tharaka;KE015;KE015067;KE0150670335
573;Kitui;Kitui West;Kwamutonga/Kithumula;KE015;KE015070;KE0150700349
574;Kitui;Mwingi West;Kyome/Thaana;KE015;KE015068;KE0150680336
575;Kitui;Mwingi West;Nguutani;KE015;KE015068;KE0150680337
576;Kitui;Mwingi West;Migwani;KE015;KE015068;KE0150680338
577;Kitui;Mwingi West;Kiomo/Kyethani;KE015;KE015068;KE0150680339
578;Kitui;Mwingi West;Central;KE015;KE015068;KE0150680340
579;Kitui;Mwingi East;Kivou;KE015;KE015069;KE0150690341
580;Kitui;Mwingi East;Nguni;KE015;KE015069;KE0150690342
581;Kitui;Mwingi East;Nuu;KE015;KE015069;KE0150690343
582;Kitui;Mwingi East;Mui;KE015;KE015069;KE0150690344
583;Kitui;Mwingi East;Waita;KE015;KE015069;KE0150690345
584;Kitui;Kitui West;Mutonguni;KE015;KE015070;KE0150700346
585;Kitui;Kitui West;Kauwi;KE015;KE015070;KE0150700347
586;Kitui;Kitui West;Matinyani;KE015;KE015070;KE0150700348
587;Kitui;Kitui Rural;Kisasi;KE015;KE015071;KE0150710350
588;Kitui;Kitui Rural;Mbitini;KE015;KE015071;KE0150710351
589;Kitui;Kitui Rural;Kwavonza/Yatta;KE015;KE015071;KE0150710352
590;Kitui;Kitui Rural;Kanyangi;KE015;KE015071;KE0150710353
591;Kitui;Kitui Central;Miambani;KE015;KE015072;KE0150720354
592;Kitui;Kitui Central;Township;KE015;KE015072;KE0150720355
593;Kitui;Kitui Central;Kyangwithya West;KE015;KE015072;KE0150720356
594;Kitui;Kitui Central;Mulango;KE015;KE015072;KE0150720357
595;Kitui;Kitui Central;Kyangwithya East;KE015;KE015072;KE0150720358
596;Kitui;Kitui East;Zombe/Mwitika;KE015;KE015073;KE0150730359
597;Kitui;Kitui East;Nzambani;KE015;KE015073;KE0150730360
598;Kitui;Kitui East;Chuluni;KE015;KE015073;KE0150730361
599;Kitui;Kitui East;Voo/Kyamatu;KE015;KE015073;KE0150730362
600;Kitui;Kitui East;Endau/Malalani;KE015;KE015073;KE0150730363
601;Kitui;Kitui East;Mutitu/Kaliku;KE015;KE015073;KE0150730364
602;Kitui;Kitui South;Ikanga/Kyatune;KE015;KE015074;KE0150740365
603;Kitui;Kitui South;Mutomo;KE015;KE015074;KE0150740366
604;Kitui;Kitui South;Mutha;KE015;KE015074;KE0150740367
605;Kitui;Kitui South;Ikutha;KE015;KE015074;KE0150740368
606;Kitui;Kitui South;Kanziko;KE015;KE015074;KE0150740369
607;Kitui;Kitui South;Athi;KE015;KE015074;KE0150740370
608;Kwale;Msambweni;Gombato Bogwe;KE002;KE002007;KE0020070031
609;Kwale;Msambweni;Ukunda;KE002;KE002007;KE0020070032
610;Kwale;Msambweni;Kinondo;KE002;KE002007;KE0020070033
611;Kwale;Msambweni;Ramisi;KE002;KE002007;KE0020070034
612;Kwale;Lunga Lunga;Pongwe/Kikoneni;KE002;KE002008;KE0020080035
613;Kwale;Lunga Lunga;Dzombo;KE002;KE002008;KE0020080036
614;Kwale;Lunga Lunga;Mwereni;KE002;KE002008;KE0020080037
615;Kwale;Lunga Lunga;Vanga;KE002;KE002008;KE0020080038
616;Kwale;Matuga;Tsimba Golini;KE002;KE002009;KE0020090039
617;Kwale;Matuga;Waa;KE002;KE002009;KE0020090040
618;Kwale;Matuga;Tiwi;KE002;KE002009;KE0020090041
619;Kwale;Matuga;Kubo South;KE002;KE002009;KE0020090042
620;Kwale;Matuga;Mkongani;KE002;KE002009;KE0020090043
621;Kwale;Kinango;Ndavaya;KE002;KE002010;KE0020100044
622;Kwale;Kinango;Puma;KE002;KE002010;KE0020100045
623;Kwale;Kinango;Kinango;KE002;KE002010;KE0020100046
624;Kwale;Kinango;Mackinon Road;KE002;KE002010;KE0020100047
625;Kwale;Kinango;Chengoni/Samburu;KE002;KE002010;KE0020100048
626;Migori;Suna West;Wasimbete;KE044;KE044256;KE0442561276
627;Kwale;Kinango;Mwabila;KE002;KE002010;KE0020100049
628;Kwale;Kinango;Kasemeni;KE002;KE002010;KE0020100050
629;Laikipia;Laikipia West;Ol-Moran;KE031;KE031163;KE0311630811
630;Laikipia;Laikipia West;Rumuruti Township;KE031;KE031163;KE0311630812
631;Laikipia;Laikipia West;Githiga;KE031;KE031163;KE0311630813
632;Laikipia;Laikipia West;Marmanet;KE031;KE031163;KE0311630814
633;Laikipia;Laikipia West;Igwamiti;KE031;KE031163;KE0311630815
634;Laikipia;Laikipia West;Salama;KE031;KE031163;KE0311630816
635;Laikipia;Laikipia East;Ngobit;KE031;KE031164;KE0311640817
636;Laikipia;Laikipia East;Tigithi;KE031;KE031164;KE0311640818
637;Laikipia;Laikipia East;Thingithu;KE031;KE031164;KE0311640819
638;Laikipia;Laikipia East;Nanyuki;KE031;KE031164;KE0311640820
639;Laikipia;Laikipia East;Umande;KE031;KE031164;KE0311640821
640;Laikipia;Laikipia North;Sosian;KE031;KE031165;KE0311650822
641;Migori;Uriri;East Kanyamkago;KE044;KE044257;KE0442571281
642;Laikipia;Laikipia North;Segera;KE031;KE031165;KE0311650823
643;Laikipia;Laikipia North;Mugogodo West;KE031;KE031165;KE0311650824
644;Laikipia;Laikipia North;Mugogodo East;KE031;KE031165;KE0311650825
645;Lamu;Lamu East;Faza;KE005;KE005021;KE0050210101
646;Lamu;Lamu East;Kiunga;KE005;KE005021;KE0050210102
647;Lamu;Lamu East;Basuba;KE005;KE005021;KE0050210103
648;Lamu;Lamu West;Shella;KE005;KE005022;KE0050220104
649;Lamu;Lamu West;Mkomami;KE005;KE005022;KE0050220105
650;Lamu;Lamu West;Hindi;KE005;KE005022;KE0050220106
651;Lamu;Lamu West;Mkunumbi;KE005;KE005022;KE0050220107
652;Lamu;Lamu West;Hongwe;KE005;KE005022;KE0050220108
653;Lamu;Lamu West;Witu;KE005;KE005022;KE0050220109
654;Makueni;Makueni;Wote;KE017;KE017086;KE0170860424
655;Lamu;Lamu West;Bahari;KE005;KE005022;KE0050220110
656;Machakos;Masinga;Kivaa;KE016;KE016075;KE0160750371
657;Machakos;Masinga;Masinga Central;KE016;KE016075;KE0160750372
658;Machakos;Masinga;Ekalakala;KE016;KE016075;KE0160750373
659;Machakos;Masinga;Muthesya;KE016;KE016075;KE0160750374
660;Machakos;Masinga;Ndithini;KE016;KE016075;KE0160750375
661;Machakos;Yatta;Ndalani;KE016;KE016076;KE0160760376
662;Machakos;Yatta;Matuu;KE016;KE016076;KE0160760377
663;Machakos;Yatta;Kithimani;KE016;KE016076;KE0160760378
664;Machakos;Yatta;Ikombe;KE016;KE016076;KE0160760379
665;Machakos;Yatta;Katangi;KE016;KE016076;KE0160760380
666;Machakos;Kangundo;Kangundo North;KE016;KE016077;KE0160770381
667;Machakos;Kangundo;Kangundo Central;KE016;KE016077;KE0160770382
668;Machakos;Kangundo;Kangundo East;KE016;KE016077;KE0160770383
669;Machakos;Kangundo;Kangundo West;KE016;KE016077;KE0160770384
670;Machakos;Matungulu;Tala;KE016;KE016078;KE0160780385
671;Machakos;Matungulu;Matungulu North;KE016;KE016078;KE0160780386
672;Machakos;Matungulu;Matungulu East;KE016;KE016078;KE0160780387
673;Migori;Uriri;West Kanyamkago;KE044;KE044257;KE0442571277
674;Machakos;Matungulu;Matungulu West;KE016;KE016078;KE0160780388
675;Machakos;Matungulu;Kyeleni;KE016;KE016078;KE0160780389
676;Machakos;Kathiani;Mitaboni;KE016;KE016079;KE0160790390
677;Machakos;Kathiani;Kathiani Central;KE016;KE016079;KE0160790391
678;Machakos;Kathiani;Upper Kaewa/Iveti;KE016;KE016079;KE0160790392
679;Machakos;Kathiani;Upper Kaewa/Kaani;KE016;KE016079;KE0160790393
680;Machakos;Mavoko;Athi River;KE016;KE016080;KE0160800394
681;Machakos;Mavoko;Kinanie;KE016;KE016080;KE0160800395
682;Machakos;Mavoko;Muthwani;KE016;KE016080;KE0160800396
683;Machakos;Mavoko;Syokimau;KE016;KE016080;KE0160800397
684;Machakos;Machakos Town;Kalama;KE016;KE016081;KE0160810398
685;Machakos;Machakos Town;Mua;KE016;KE016081;KE0160810399
686;Machakos;Machakos Town;Mutituni;KE016;KE016081;KE0160810400
687;Machakos;Machakos Town;Machakos Central;KE016;KE016081;KE0160810401
688;Machakos;Machakos Town;Mumbuni North;KE016;KE016081;KE0160810402
689;Machakos;Machakos Town;Muvuti/Kiima Kimwe;KE016;KE016081;KE0160810403
690;Machakos;Machakos Town;Kola;KE016;KE016081;KE0160810404
691;Machakos;Mwala;Mbiuni;KE016;KE016082;KE0160820405
692;Machakos;Mwala;Makutano/Mwala;KE016;KE016082;KE0160820406
693;Machakos;Mwala;Masii;KE016;KE016082;KE0160820407
694;Machakos;Mwala;Muthetheni;KE016;KE016082;KE0160820408
695;Machakos;Mwala;Wamunyu;KE016;KE016082;KE0160820409
696;Machakos;Mwala;Kibauni;KE016;KE016082;KE0160820410
697;Makueni;Mbooni;Tulimani;KE017;KE017083;KE0170830411
698;Makueni;Mbooni;Mbooni;KE017;KE017083;KE0170830412
699;Makueni;Mbooni;Kithungo/Kitundu;KE017;KE017083;KE0170830413
700;Makueni;Mbooni;Kiteta/Kisau;KE017;KE017083;KE0170830414
701;Makueni;Mbooni;Waia-Kako;KE017;KE017083;KE0170830415
702;Makueni;Mbooni;Kalawa;KE017;KE017083;KE0170830416
703;Makueni;Kilome;Kasikeu;KE017;KE017084;KE0170840417
704;Makueni;Kilome;Mukaa;KE017;KE017084;KE0170840418
705;Makueni;Kilome;Kiima Kiu/Kalanzoni;KE017;KE017084;KE0170840419
706;Makueni;Kaiti;Ukia;KE017;KE017085;KE0170850420
707;Makueni;Kaiti;Kee;KE017;KE017085;KE0170850421
708;Makueni;Kaiti;Kilungu;KE017;KE017085;KE0170850422
709;Makueni;Kaiti;Ilima;KE017;KE017085;KE0170850423
710;Migori;Uriri;South Kanyamkago;KE044;KE044257;KE0442571280
711;Makueni;Makueni;Muvau/Kikumini;KE017;KE017086;KE0170860425
712;Makueni;Makueni;Mavindini;KE017;KE017086;KE0170860426
713;Makueni;Makueni;Kitise/Kithuki;KE017;KE017086;KE0170860427
714;Makueni;Makueni;Kathonzweni;KE017;KE017086;KE0170860428
715;Makueni;Makueni;Nzaui/Kilili/Kalamba;KE017;KE017086;KE0170860429
716;Makueni;Makueni;Mbitini;KE017;KE017086;KE0170860430
717;Makueni;Kibwezi West;Makindu;KE017;KE017087;KE0170870431
718;Makueni;Kibwezi West;Nguumo;KE017;KE017087;KE0170870432
719;Makueni;Kibwezi West;Kikumbulyu North;KE017;KE017087;KE0170870433
720;Makueni;Kibwezi West;Kikumbulyu South;KE017;KE017087;KE0170870434
721;Makueni;Kibwezi West;Nguu/Masumba;KE017;KE017087;KE0170870435
722;Makueni;Kibwezi West;Emali/Mulala;KE017;KE017087;KE0170870436
723;Makueni;Kibwezi East;Masongaleni;KE017;KE017088;KE0170880437
724;Makueni;Kibwezi East;Mtito Andei;KE017;KE017088;KE0170880438
725;Migori;Uriri;North Kanyamkago;KE044;KE044257;KE0442571278
726;Makueni;Kibwezi East;Thange;KE017;KE017088;KE0170880439
727;Makueni;Kibwezi East;Ivingoni/Nzambani;KE017;KE017088;KE0170880440
728;Mandera;Mandera West;Takaba South;KE009;KE009039;KE0090390191
729;Mandera;Mandera West;Takaba;KE009;KE009039;KE0090390192
730;Mandera;Mandera West;Laghsure;KE009;KE009039;KE0090390193
731;Mandera;Mandera West;Dandu;KE009;KE009039;KE0090390194
732;Mandera;Mandera West;Gither;KE009;KE009039;KE0090390195
733;Mandera;Banissa;Banissa;KE009;KE009040;KE0090400196
734;Mandera;Banissa;Derkhale;KE009;KE009040;KE0090400197
735;Mandera;Banissa;Guba;KE009;KE009040;KE0090400198
736;Mandera;Banissa;Malkamari;KE009;KE009040;KE0090400199
737;Mandera;Banissa;Kiliwaheri;KE009;KE009040;KE0090400200
738;Mandera;Mandera North;Ashabito;KE009;KE009041;KE0090410201
739;Mandera;Mandera North;Guticha;KE009;KE009041;KE0090410202
740;Mandera;Mandera North;Marothile;KE009;KE009041;KE0090410203
741;Mandera;Mandera North;Rhamu;KE009;KE009041;KE0090410204
742;Mandera;Mandera North;Rhamu Dimtu;KE009;KE009041;KE0090410205
743;Mandera;Mandera South;Wargadud;KE009;KE009042;KE0090420206
744;Mandera;Mandera South;Kotulo;KE009;KE009042;KE0090420207
745;Mandera;Mandera South;Elwak South;KE009;KE009042;KE0090420208
746;Mandera;Mandera South;Elwak North;KE009;KE009042;KE0090420209
747;Meru;Tigania West;Kianjai;KE012;KE012054;KE0120540268
748;Mandera;Mandera South;Shambir Fatuma;KE009;KE009042;KE0090420210
749;Mandera;Mandera East;Arabia;KE009;KE009043;KE0090430211
750;Mandera;Mandera East;Bulla Mpya;KE009;KE009043;KE0090430212
751;Mandera;Mandera East;Khalalio;KE009;KE009043;KE0090430213
752;Mandera;Mandera East;Neboi;KE009;KE009043;KE0090430214
753;Mandera;Mandera East;Township;KE009;KE009043;KE0090430215
754;Mandera;Lafey;Libehia;KE009;KE009044;KE0090440216
755;Mandera;Lafey;Fino;KE009;KE009044;KE0090440217
756;Mandera;Lafey;Lafey;KE009;KE009044;KE0090440218
757;Mandera;Lafey;Warankara;KE009;KE009044;KE0090440219
758;Mandera;Lafey;Alango Gof;KE009;KE009044;KE0090440220
759;Marsabit;Moyale;Butiye;KE010;KE010045;KE0100450221
760;Marsabit;Moyale;Sololo;KE010;KE010045;KE0100450222
761;Marsabit;Moyale;Heillu/Manyatta;KE010;KE010045;KE0100450223
762;Meru;Tigania West;Nkomo;KE012;KE012054;KE0120540269
763;Migori;Uriri;Central Kanyamkago;KE044;KE044257;KE0442571279
764;Marsabit;Moyale;Golbo;KE010;KE010045;KE0100450224
765;Marsabit;Moyale;Moyale Township;KE010;KE010045;KE0100450225
766;Marsabit;Moyale;Uran;KE010;KE010045;KE0100450226
767;Marsabit;Moyale;Obbu;KE010;KE010045;KE0100450227
768;Marsabit;North Horr;Dukana;KE010;KE010046;KE0100460228
769;Marsabit;North Horr;Maikona;KE010;KE010046;KE0100460229
770;Marsabit;North Horr;Turbi;KE010;KE010046;KE0100460230
771;Marsabit;Laisamis;Logologo;KE010;KE010048;KE0100480239
772;Migori;Suna West;Ragana-Oruba;KE044;KE044256;KE0442561275
773;Marsabit;North Horr;North Horr;KE010;KE010046;KE0100460231
774;Marsabit;North Horr;Illeret;KE010;KE010046;KE0100460232
775;Marsabit;Saku;Sagante/Jaldesa;KE010;KE010047;KE0100470233
776;Marsabit;Saku;Karare;KE010;KE010047;KE0100470234
777;Marsabit;Saku;Marsabit Central;KE010;KE010047;KE0100470235
778;Marsabit;Laisamis;Loiyangalani;KE010;KE010048;KE0100480236
779;Marsabit;Laisamis;Kargi/South Horr;KE010;KE010048;KE0100480237
780;Marsabit;Laisamis;Korr/Ngurunit;KE010;KE010048;KE0100480238
781;Marsabit;Laisamis;Laisamis;KE010;KE010048;KE0100480240
782;Meru;Igembe South;Maua;KE012;KE012051;KE0120510251
783;Meru;Igembe South;Kiegu/Antubochiu;KE012;KE012051;KE0120510252
784;Meru;Igembe South;Athiru Gaiti;KE012;KE012051;KE0120510253
785;Meru;Igembe South;Akachiu;KE012;KE012051;KE0120510254
786;Meru;Igembe South;Kanuni;KE012;KE012051;KE0120510255
787;Meru;Igembe Central;Akirang'ondu;KE012;KE012052;KE0120520256
788;Meru;Igembe Central;Athiru Ruujine;KE012;KE012052;KE0120520257
789;Meru;Igembe Central;Igembe East;KE012;KE012052;KE0120520258
790;Meru;Igembe Central;Njia;KE012;KE012052;KE0120520259
791;Meru;Igembe Central;Kangeta;KE012;KE012052;KE0120520260
792;Meru;Igembe North;Antuambui;KE012;KE012053;KE0120530261
793;Meru;Igembe North;Ntunene;KE012;KE012053;KE0120530262
794;Meru;Igembe North;Antubetwe Kiongo;KE012;KE012053;KE0120530263
795;Meru;Igembe North;Naathu;KE012;KE012053;KE0120530264
796;Meru;Igembe North;Amwathi;KE012;KE012053;KE0120530265
797;Meru;Tigania West;Athwana;KE012;KE012054;KE0120540266
798;Meru;Tigania West;Mbeu;KE012;KE012054;KE0120540270
799;Meru;Tigania East;Thangatha;KE012;KE012055;KE0120550271
800;Meru;Tigania East;Mikinduri;KE012;KE012055;KE0120550272
801;Meru;Tigania East;Kiguchwa;KE012;KE012055;KE0120550273
802;Meru;Tigania East;Muthara;KE012;KE012055;KE0120550274
803;Meru;Tigania East;Karama;KE012;KE012055;KE0120550275
804;Meru;North Imenti;Municipality;KE012;KE012056;KE0120560276
805;Meru;North Imenti;Ntima East;KE012;KE012056;KE0120560277
806;Meru;North Imenti;Ntima West;KE012;KE012056;KE0120560278
807;Meru;North Imenti;Nyaki West;KE012;KE012056;KE0120560279
808;Meru;North Imenti;Nyaki East;KE012;KE012056;KE0120560280
809;Meru;Buuri;Timau;KE012;KE012057;KE0120570281
810;Meru;Buuri;Kisima;KE012;KE012057;KE0120570282
811;Meru;Buuri;Kiirua/Naari;KE012;KE012057;KE0120570283
812;Meru;Buuri;Ruiri/Rwarera;KE012;KE012057;KE0120570284
813;Meru;Cental Imenti;Mwanganthia;KE012;KE012058;KE0120580285
814;Meru;Cental Imenti;Abothuguchi Central;KE012;KE012058;KE0120580286
815;Meru;Cental Imenti;Abothuguchi West;KE012;KE012058;KE0120580287
816;Meru;Cental Imenti;Kiagu;KE012;KE012058;KE0120580288
817;Meru;Buuri;Kibirichia;KE012;KE012057;KE0120570289
818;Meru;South Imenti;Mitunguu;KE012;KE012059;KE0120590290
819;Meru;South Imenti;Igoji East;KE012;KE012059;KE0120590291
820;Meru;South Imenti;Igoji West;KE012;KE012059;KE0120590292
821;Meru;South Imenti;Abogeta East;KE012;KE012059;KE0120590293
822;Meru;South Imenti;Abogeta West;KE012;KE012059;KE0120590294
823;Meru;South Imenti;Nkuene;KE012;KE012059;KE0120590295
824;Migori;Rongo;North Kamagambo;KE044;KE044253;KE0442531261
825;Migori;Rongo;Central Kamagambo;KE044;KE044253;KE0442531262
826;Migori;Rongo;East Kamagambo;KE044;KE044253;KE0442531263
827;Migori;Rongo;South Kamagambo;KE044;KE044253;KE0442531264
828;Migori;Awendo;North Sakwa;KE044;KE044254;KE0442541265
829;Migori;Awendo;South Sakwa;KE044;KE044254;KE0442541266
830;Migori;Awendo;West Sakwa;KE044;KE044254;KE0442541267
831;Migori;Awendo;Central Sakwa;KE044;KE044254;KE0442541268
832;Migori;Suna East;God Jope;KE044;KE044255;KE0442551269
833;Migori;Suna East;Suna Central;KE044;KE044255;KE0442551270
834;Migori;Suna East;Kakrao;KE044;KE044255;KE0442551271
835;Migori;Suna East;Kwa;KE044;KE044255;KE0442551272
836;Migori;Suna West;Wiga;KE044;KE044256;KE0442561273
837;Migori;Suna West;Wasweta Ii;KE044;KE044256;KE0442561274
838;Migori;Nyatike;Kachieng;KE044;KE044258;KE0442581282
839;Migori;Nyatike;Kanyasa;KE044;KE044258;KE0442581283
840;Migori;Nyatike;North Kadem;KE044;KE044258;KE0442581284
841;Migori;Nyatike;Macalder/Kanyaruanda;KE044;KE044258;KE0442581285
842;Migori;Nyatike;Kaler;KE044;KE044258;KE0442581286
843;Migori;Nyatike;Got Kachola;KE044;KE044258;KE0442581287
844;Migori;Nyatike;Muhuru;KE044;KE044258;KE0442581288
845;Migori;Kuria West;Bukira East;KE044;KE044259;KE0442591289
846;Migori;Kuria West;Bukira Central/Ikerege;KE044;KE044259;KE0442591290
847;Migori;Kuria West;Isibania;KE044;KE044259;KE0442591291
848;Migori;Kuria West;Mokerero;KE044;KE044259;KE0442591292
849;Migori;Kuria West;Masaba;KE044;KE044259;KE0442591293
850;Migori;Kuria West;Tagare;KE044;KE044259;KE0442591294
851;Migori;Kuria West;Nyamosense'komosoko;KE044;KE044259;KE0442591295
852;Migori;Kuria West;Gokeharaka/Getabwega;KE044;KE044259;KE0442591296
853;Migori;Kuria East;Ntimaru West;KE044;KE044260;KE0442601297
854;Migori;Kuria East;Ntimaru East;KE044;KE044260;KE0442601298
855;Migori;Kuria East;Nyabasi East;KE044;KE044260;KE0442601299
856;Migori;Kuria East;Nyabasi West;KE044;KE044260;KE0442601300
857;Mombasa;Changamwe;Port Reitz;KE001;KE001001;KE0010010001
858;Mombasa;Changamwe;Kipevu;KE001;KE001001;KE0010010002
859;Mombasa;Changamwe;Airport;KE001;KE001001;KE0010010003
860;Mombasa;Changamwe;Changamwe;KE001;KE001001;KE0010010004
861;Mombasa;Changamwe;Chaani;KE001;KE001001;KE0010010005
862;Mombasa;Jomvu;Jomvu Kuu;KE001;KE001002;KE0010020006
863;Mombasa;Jomvu;Miritini;KE001;KE001002;KE0010020007
864;Mombasa;Jomvu;Mikindani;KE001;KE001002;KE0010020008
865;Mombasa;Kisauni;Junda;KE001;KE001003;KE0010030010
866;Mombasa;Kisauni;Bamburi;KE001;KE001003;KE0010030011
867;Mombasa;Kisauni;Mwakirunge;KE001;KE001003;KE0010030012
868;Mombasa;Kisauni;Mtopanga;KE001;KE001003;KE0010030013
869;Mombasa;Kisauni;Magogoni;KE001;KE001003;KE0010030014
870;Mombasa;Kisauni;Shanzu;KE001;KE001003;KE0010030015
871;Mombasa;Nyali;Frere Town;KE001;KE001004;KE0010040016
872;Mombasa;Nyali;Ziwa La Ng'ombe;KE001;KE001004;KE0010040017
873;Mombasa;Nyali;Mkomani;KE001;KE001004;KE0010040018
874;Mombasa;Nyali;Kongowea;KE001;KE001004;KE0010040019
875;Mombasa;Nyali;Kadzandani;KE001;KE001004;KE0010040020
876;Mombasa;Likoni;Mtongwe;KE001;KE001005;KE0010050021
877;Mombasa;Likoni;Shika Adabu;KE001;KE001005;KE0010050022
878;Mombasa;Likoni;Bofu;KE001;KE001005;KE0010050023
879;Mombasa;Likoni;Likoni;KE001;KE001005;KE0010050024
880;Mombasa;Likoni;Tibwani;KE001;KE001005;KE0010050025
881;Mombasa;Mvita;Mji Wa Kale/Makadara;KE001;KE001006;KE0010060026
882;Mombasa;Mvita;Tudor;KE001;KE001006;KE0010060027
883;Mombasa;Mvita;Tononoka;KE001;KE001006;KE0010060028
884;Mombasa;Mvita;Shimanzi/Ganjoni;KE001;KE001006;KE0010060029
885;Mombasa;Mvita;Majengo;KE001;KE001006;KE0010060030
886;Murang'a;Kangema;Kanyenya-Ini;KE021;KE021104;KE0211040516
887;Murang'a;Kangema;Muguru;KE021;KE021104;KE0211040517
888;Murang'a;Kangema;Rwathia;KE021;KE021104;KE0211040518
889;Murang'a;Mathioya;Gitugi;KE021;KE021105;KE0211050519
890;Murang'a;Mathioya;Kiru;KE021;KE021105;KE0211050520
891;Murang'a;Mathioya;Kamacharia;KE021;KE021105;KE0211050521
892;Murang'a;Kiharu;Wangu;KE021;KE021106;KE0211060522
893;Murang'a;Kiharu;Mugoiri;KE021;KE021106;KE0211060523
894;Vihiga;Sabatia;North Maragoli;KE038;KE038212;KE0382121058
895;Murang'a;Kiharu;Mbiri;KE021;KE021106;KE0211060524
896;Murang'a;Kiharu;Township;KE021;KE021106;KE0211060525
897;Murang'a;Kiharu;Murarandia;KE021;KE021106;KE0211060526
898;Murang'a;Kiharu;Gaturi;KE021;KE021106;KE0211060527
899;Murang'a;Kigumo;Kahumbu;KE021;KE021107;KE0211070528
900;Murang'a;Kigumo;Muthithi;KE021;KE021107;KE0211070529
901;Murang'a;Kigumo;Kigumo;KE021;KE021107;KE0211070530
902;Murang'a;Kigumo;Kangari;KE021;KE021107;KE0211070531
903;Murang'a;Kigumo;Kinyona;KE021;KE021107;KE0211070532
904;Murang'a;Maragwa;Kimorori/Wempa;KE021;KE021108;KE0211080533
905;Murang'a;Maragwa;Makuyu;KE021;KE021108;KE0211080534
906;Murang'a;Maragwa;Kambiti;KE021;KE021108;KE0211080535
907;Murang'a;Maragwa;Kamahuha;KE021;KE021108;KE0211080536
908;Murang'a;Maragwa;Ichagaki;KE021;KE021108;KE0211080537
909;Murang'a;Maragwa;Nginda;KE021;KE021108;KE0211080538
910;Murang'a;Kandara;Ng'araria;KE021;KE021109;KE0211090539
911;Murang'a;Kandara;Muruka;KE021;KE021109;KE0211090540
912;Murang'a;Kandara;Kagundu-Ini;KE021;KE021109;KE0211090541
913;Murang'a;Kandara;Gaichanjiru;KE021;KE021109;KE0211090542
914;Murang'a;Kandara;Ithiru;KE021;KE021109;KE0211090543
915;Murang'a;Kandara;Ruchu;KE021;KE021109;KE0211090544
916;Murang'a;Gatanga;Ithanga;KE021;KE021110;KE0211100545
917;Murang'a;Gatanga;Kakuzi/Mitumbiri;KE021;KE021110;KE0211100546
918;Murang'a;Gatanga;Mugumo-Ini;KE021;KE021110;KE0211100547
919;Murang'a;Gatanga;Kihumbu-Ini;KE021;KE021110;KE0211100548
920;Murang'a;Gatanga;Gatanga;KE021;KE021110;KE0211100549
921;Murang'a;Gatanga;Kariara;KE021;KE021110;KE0211100550
922;Nairobi;Westlands;Kitisuru;KE047;KE047274;KE0472741366
923;Nairobi;Westlands;Parklands/Highridge;KE047;KE047274;KE0472741367
924;Nairobi;Westlands;Karura;KE047;KE047274;KE0472741368
925;Nairobi;Westlands;Kangemi;KE047;KE047274;KE0472741369
926;Nairobi;Westlands;Moutain View;KE047;KE047274;KE0472741370
927;Nairobi;Kilimani;Kilimani;KE047;KE047275;KE0472751371
928;Nairobi;Kilimani;Kawangware;KE047;KE047275;KE0472751372
929;Nairobi;Kilimani;Gatina;KE047;KE047275;KE0472751373
930;Nairobi;Kilimani;Kileleshwa;KE047;KE047275;KE0472751374
931;Nairobi;Kilimani;Kabiro;KE047;KE047275;KE0472751375
932;Nairobi;Dagoretti;Mutuini;KE047;KE047276;KE0472761376
933;Nairobi;Dagoretti;Ngando;KE047;KE047276;KE0472761377
934;Nairobi;Dagoretti;Riruta;KE047;KE047276;KE0472761378
935;Nairobi;Dagoretti;Uthiru-Ruthimitu;KE047;KE047276;KE0472761379
936;Nairobi;Dagoretti;Waithaka;KE047;KE047276;KE0472761380
937;Nairobi;Langata;Karen;KE047;KE047277;KE0472771381
938;Nairobi;Langata;Nairobi West;KE047;KE047277;KE0472771382
939;Nairobi;Langata;Mugumoini;KE047;KE047277;KE0472771383
940;Nairobi;Langata;South 'C';KE047;KE047277;KE0472771384
941;Nairobi;Langata;Nyayo Highrise;KE047;KE047277;KE0472771385
942;Nairobi;Kibra;Laini Saba;KE047;KE047278;KE0472781386
943;Nairobi;Kibra;Lindi;KE047;KE047278;KE0472781387
944;Nairobi;Kibra;Woodley/Kenyatta Golf Course;KE047;KE047278;KE0472781389
945;Nairobi;Kibra;Serangombe;KE047;KE047278;KE0472781390
946;Nairobi;Roysambu;Githurai;KE047;KE047279;KE0472791391
947;Nairobi;Roysambu;Kahawa West;KE047;KE047279;KE0472791392
948;Nairobi;Roysambu;Zimmerman;KE047;KE047279;KE0472791393
949;Nairobi;Roysambu;Roysambu;KE047;KE047279;KE0472791394
950;Nairobi;Roysambu;Kahawa;KE047;KE047279;KE0472791395
951;Nairobi;Kasarani;Clay City;KE047;KE047280;KE0472801396
952;Nairobi;Kasarani;Mwiki;KE047;KE047280;KE0472801397
953;Nairobi;Kasarani;Kasarani;KE047;KE047280;KE0472801398
954;Nairobi;Kasarani;Njiru;KE047;KE047280;KE0472801399
955;Nairobi;Kasarani;Ruai;KE047;KE047280;KE0472801400
956;Nairobi;Ruaraka;Babadogo;KE047;KE047281;KE0472811401
957;Nairobi;Ruaraka;Utalii;KE047;KE047281;KE0472811402
958;Nairobi;Ruaraka;Mathare North;KE047;KE047281;KE0472811403
959;Nairobi;Ruaraka;Lucky Summer;KE047;KE047281;KE0472811404
960;Nairobi;Ruaraka;Korogocho;KE047;KE047281;KE0472811405
961;Nairobi;Embakasi South;Imara Daima;KE047;KE047282;KE0472821406
962;Nairobi;Embakasi South;Kwa Njenga;KE047;KE047282;KE0472821407
963;Nairobi;Embakasi South;Kwa Reuben;KE047;KE047282;KE0472821408
964;Nairobi;Embakasi South;Pipeline;KE047;KE047282;KE0472821409
965;Nairobi;Embakasi South;Kware;KE047;KE047282;KE0472821410
966;Nairobi;Embakasi North;Kariobangi North;KE047;KE047283;KE0472831411
967;Nairobi;Embakasi North;Dandora Area I;KE047;KE047283;KE0472831412
968;Nairobi;Embakasi North;Dandora Area Ii;KE047;KE047283;KE0472831413
969;Nairobi;Embakasi North;Dandora Area Iii;KE047;KE047283;KE0472831414
970;Nairobi;Embakasi North;Dandora Area Iv;KE047;KE047283;KE0472831415
971;Nairobi;Embakasi Central;Kayole North;KE047;KE047284;KE0472841416
972;Nairobi;Embakasi Central;Kayole Central;KE047;KE047284;KE0472841417
973;Nairobi;Embakasi Central;Kayole South;KE047;KE047284;KE0472841418
974;Nairobi;Embakasi Central;Komarock;KE047;KE047284;KE0472841419
975;Nairobi;Embakasi Central;Matopeni/Spring Valley;KE047;KE047284;KE0472841420
976;Nairobi;Embakasi East;Upper Savanna;KE047;KE047285;KE0472851421
977;Nairobi;Embakasi East;Lower Savanna;KE047;KE047285;KE0472851422
978;Nairobi;Embakasi East;Embakasi;KE047;KE047285;KE0472851423
979;Nairobi;Embakasi East;Utawala;KE047;KE047285;KE0472851424
980;Nairobi;Embakasi East;Mihang'o;KE047;KE047285;KE0472851425
981;Nairobi;Embakasi West;Umoja I;KE047;KE047286;KE0472861426
982;Nairobi;Embakasi West;Umoja Ii;KE047;KE047286;KE0472861427
983;Nairobi;Embakasi West;Mowlem;KE047;KE047286;KE0472861428
984;Nairobi;Embakasi West;Kariobangi South;KE047;KE047286;KE0472861429
985;Nairobi;Makadara;Maringo/Hamza;KE047;KE047287;KE0472871430
986;Nairobi;Makadara;Viwandani;KE047;KE047287;KE0472871431
987;Nairobi;Makadara;Harambee;KE047;KE047287;KE0472871432
988;Nairobi;Makadara;Makongeni;KE047;KE047287;KE0472871433
989;Nairobi;Kamukunji;Pumwani;KE047;KE047288;KE0472881434
990;Nairobi;Kamukunji;Eastleigh North;KE047;KE047288;KE0472881435
991;Nairobi;Kamukunji;Eastleigh South;KE047;KE047288;KE0472881436
992;Nairobi;Kamukunji;Air Base;KE047;KE047288;KE0472881437
993;Nairobi;Kamukunji;California;KE047;KE047288;KE0472881438
994;Nairobi;Starehe;Nairobi Central;KE047;KE047289;KE0472891439
995;Nairobi;Starehe;Ngara;KE047;KE047289;KE0472891440
996;Nairobi;Starehe;Pangani;KE047;KE047289;KE0472891441
997;Nairobi;Starehe;Ziwani/Kariokor;KE047;KE047289;KE0472891442
998;Nairobi;Starehe;Land Mawe;KE047;KE047289;KE0472891443
999;Nairobi;Starehe;Nairobi South;KE047;KE047289;KE0472891444
1000;Nairobi;Mathare;Hospital;KE047;KE047290;KE0472901445
1001;Nairobi;Mathare;Mabatini;KE047;KE047290;KE0472901446
1002;Nairobi;Mathare;Huruma;KE047;KE047290;KE0472901447
1003;Nairobi;Mathare;Ngei;KE047;KE047290;KE0472901448
1004;Nairobi;Mathare;Mlango Kubwa;KE047;KE047290;KE0472901449
1005;Nairobi;Mathare;Kiamaiko;KE047;KE047290;KE0472901450
1006;Nakuru;Molo;Mariashoni;KE032;KE032166;KE0321660826
1007;Nakuru;Molo;Elburgon;KE032;KE032166;KE0321660827
1008;Nakuru;Molo;Turi;KE032;KE032166;KE0321660828
1009;Nakuru;Molo;Molo;KE032;KE032166;KE0321660829
1010;Nakuru;Njoro;Mau Narok;KE032;KE032167;KE0321670830
1011;Nakuru;Njoro;Mauche;KE032;KE032167;KE0321670831
1012;Nakuru;Njoro;Kihingo;KE032;KE032167;KE0321670832
1013;Nakuru;Njoro;Nessuit;KE032;KE032167;KE0321670833
1014;Nakuru;Njoro;Lare;KE032;KE032167;KE0321670834
1015;Nakuru;Njoro;Njoro;KE032;KE032167;KE0321670835
1016;Nakuru;Naivasha;Biashara;KE032;KE032168;KE0321680836
1017;Nakuru;Naivasha;Hells Gate;KE032;KE032168;KE0321680837
1018;Nakuru;Naivasha;Lake View;KE032;KE032168;KE0321680838
1019;Nakuru;Naivasha;Maai Mahiu;KE032;KE032168;KE0321680839
1020;Nakuru;Naivasha;Maiela;KE032;KE032168;KE0321680840
1021;Nakuru;Naivasha;Olkaria;KE032;KE032168;KE0321680841
1022;Nakuru;Naivasha;Naivasha East;KE032;KE032168;KE0321680842
1023;Nakuru;Naivasha;Viwanda;KE032;KE032168;KE0321680843
1024;Nakuru;Gilgil;Gilgil;KE032;KE032169;KE0321690844
1025;Nakuru;Gilgil;Elementaita;KE032;KE032169;KE0321690845
1026;Nakuru;Gilgil;Mbaruk/Eburru;KE032;KE032169;KE0321690846
1027;Nakuru;Gilgil;Malewa West;KE032;KE032169;KE0321690847
1028;Nakuru;Gilgil;Murindat;KE032;KE032169;KE0321690848
1029;Nakuru;Kuresoi South;Amalo;KE032;KE032170;KE0321700849
1030;Nakuru;Kuresoi South;Keringet;KE032;KE032170;KE0321700850
1031;Nakuru;Kuresoi South;Kiptagich;KE032;KE032170;KE0321700851
1032;Nakuru;Kuresoi South;Tinet;KE032;KE032170;KE0321700852
1033;Nakuru;Kuresoi North;Kiptororo;KE032;KE032171;KE0321710853
1034;Nakuru;Kuresoi North;Nyota;KE032;KE032171;KE0321710854
1035;Nakuru;Kuresoi North;Sirikwa;KE032;KE032171;KE0321710855
1036;Nakuru;Kuresoi North;Kamara;KE032;KE032171;KE0321710856
1037;Nakuru;Subukia;Subukia;KE032;KE032172;KE0321720857
1038;Nakuru;Subukia;Waseges;KE032;KE032172;KE0321720858
1039;Nakuru;Subukia;Kabazi;KE032;KE032172;KE0321720859
1040;Nakuru;Rongai;Menengai West;KE032;KE032173;KE0321730860
1041;Nakuru;Rongai;Soin;KE032;KE032173;KE0321730861
1042;Nakuru;Rongai;Visoi;KE032;KE032173;KE0321730862
1043;Nakuru;Rongai;Mosop;KE032;KE032173;KE0321730863
1044;Nandi;Aldai;Kaptumoi/Kaboi;KE029;KE029152;KE0291520759
1045;Nakuru;Rongai;Solai;KE032;KE032173;KE0321730864
1046;Nakuru;Bahati;Dundori;KE032;KE032174;KE0321740865
1047;Nakuru;Bahati;Kabatini;KE032;KE032174;KE0321740866
1048;Nakuru;Bahati;Kiamaina;KE032;KE032174;KE0321740867
1049;Nakuru;Bahati;Lanet/Umoja;KE032;KE032174;KE0321740868
1050;Nakuru;Bahati;Bahati;KE032;KE032174;KE0321740869
1051;Nakuru;Nakuru Town West;Barut;KE032;KE032175;KE0321750870
1052;Nakuru;Nakuru Town West;London;KE032;KE032175;KE0321750871
1053;Nakuru;Nakuru Town West;Kaptembwo;KE032;KE032175;KE0321750872
1054;Nakuru;Nakuru Town West;Kapkures;KE032;KE032175;KE0321750873
1055;Nakuru;Nakuru Town West;Rhoda;KE032;KE032175;KE0321750874
1056;Nakuru;Nakuru Town West;Shaabab;KE032;KE032175;KE0321750875
1057;Nakuru;Nakuru Town East;Biashara;KE032;KE032176;KE0321760876
1058;Nakuru;Nakuru Town East;Kivumbini;KE032;KE032176;KE0321760877
1059;Nakuru;Nakuru Town East;Flamingo;KE032;KE032176;KE0321760878
1060;Nakuru;Nakuru Town East;Menengai;KE032;KE032176;KE0321760879
1061;Nakuru;Nakuru Town East;Nakuru East;KE032;KE032176;KE0321760880
1062;Nandi;Tinderet;Songhor/Soba;KE029;KE029151;KE0291510751
1063;Nandi;Tinderet;Tinderet;KE029;KE029151;KE0291510752
1064;Nandi;Tinderet;Chemilil/Chemase;KE029;KE029151;KE0291510753
1065;Nandi;Tinderet;Kapsimotwo;KE029;KE029151;KE0291510754
1066;Nandi;Aldai;Kibwareng;KE029;KE029152;KE0291520755
1067;Nandi;Aldai;Terik;KE029;KE029152;KE0291520756
1068;Nandi;Aldai;Kemeloi-Maraba;KE029;KE029152;KE0291520757
1069;Nandi;Aldai;Kobujoi;KE029;KE029152;KE0291520758
1070;Nandi;Aldai;Koyo/Ndurio;KE029;KE029152;KE0291520760
1071;Nandi;Nandi Hills;Nandi Hills;KE029;KE029153;KE0291530761
1072;Nandi;Nandi Hills;Chepkunyuk;KE029;KE029153;KE0291530762
1073;Nandi;Nandi Hills;Ollessos;KE029;KE029153;KE0291530763
1074;Nandi;Nandi Hills;Kapchorua;KE029;KE029153;KE0291530764
1075;Nandi;Chesumei;Chemundu/Kapng'etunyi;KE029;KE029154;KE0291540765
1076;Nandi;Chesumei;Kosirai;KE029;KE029154;KE0291540766
1077;Nandi;Chesumei;Lelmok/Ngechek;KE029;KE029154;KE0291540767
1078;Nandi;Chesumei;Kaptel/Kamoiywo;KE029;KE029154;KE0291540768
1079;Nandi;Chesumei;Kiptuiya;KE029;KE029154;KE0291540769
1080;Nandi;Emgwen;Chepkumia;KE029;KE029155;KE0291550770
1081;Nandi;Emgwen;Kapkangani;KE029;KE029155;KE0291550771
1082;Nandi;Emgwen;Kapsabet;KE029;KE029155;KE0291550772
1083;Nandi;Emgwen;Kilibwoni;KE029;KE029155;KE0291550773
1084;Nandi;Mosop;Cheterwai;KE029;KE029156;KE0291560774
1085;Nandi;Mosop;Kipkaren;KE029;KE029156;KE0291560775
1086;Nandi;Mosop;Kurgung/Surungai;KE029;KE029156;KE0291560776
1087;Nandi;Mosop;Kabiyet;KE029;KE029156;KE0291560777
1088;Nandi;Mosop;Ndalat;KE029;KE029156;KE0291560778
1089;Nandi;Mosop;Kabisanga;KE029;KE029156;KE0291560779
1090;Nandi;Mosop;Sangalo/Kebulonik;KE029;KE029156;KE0291560780
1091;Narok;Narok North;Olposimoru;KE033;KE033179;KE0331790891
1092;Narok;Narok North;Olokurto;KE033;KE033179;KE0331790892
1093;Narok;Narok North;Narok Town;KE033;KE033179;KE0331790893
1094;Narok;Narok North;Nkareta;KE033;KE033179;KE0331790894
1095;Nyamira;North Mugirango;Ekerenyo;KE046;KE046272;KE0462721361
1096;Narok;Narok North;Olorropil;KE033;KE033179;KE0331790895
1097;Narok;Narok North;Melili;KE033;KE033179;KE0331790896
1098;Narok;Narok East;Mosiro;KE033;KE033180;KE0331800897
1099;Narok;Narok East;Ildamat;KE033;KE033180;KE0331800898
1100;Narok;Narok East;Keekonyokie;KE033;KE033180;KE0331800899
1101;Narok;Narok East;Suswa;KE033;KE033180;KE0331800900
1102;Narok;Narok South;Maji Moto/Naroosura;KE033;KE033181;KE0331810901
1103;Narok;Narok South;Ololulung'a;KE033;KE033181;KE0331810902
1104;Narok;Narok South;Melelo;KE033;KE033181;KE0331810903
1105;Narok;Narok South;Loita;KE033;KE033181;KE0331810904
1106;Narok;Narok South;Sogoo;KE033;KE033181;KE0331810905
1107;Narok;Narok South;Sagamian;KE033;KE033181;KE0331810906
1108;Nyamira;Kitutu Masaba;Rigoma;KE046;KE046270;KE0462701346
1109;Nyamira;Kitutu Masaba;Gachuba;KE046;KE046270;KE0462701347
1110;Nyamira;Kitutu Masaba;Kemera;KE046;KE046270;KE0462701348
1111;Nyamira;Kitutu Masaba;Magombo;KE046;KE046270;KE0462701349
1112;Nyamira;Kitutu Masaba;Manga;KE046;KE046270;KE0462701350
1113;Nyamira;Kitutu Masaba;Gesima;KE046;KE046270;KE0462701351
1114;Nyamira;West Mugirango;Nyamaiya;KE046;KE046271;KE0462711352
1115;Nyamira;West Mugirango;Bogichora;KE046;KE046271;KE0462711353
1116;Nyamira;West Mugirango;Bosamaro;KE046;KE046271;KE0462711354
1117;Nyamira;West Mugirango;Bonyamatuta;KE046;KE046271;KE0462711355
1118;Nyamira;West Mugirango;Township;KE046;KE046271;KE0462711356
1119;Nyamira;North Mugirango;Itibo;KE046;KE046272;KE0462721357
1120;Nyamira;North Mugirango;Bomwagamo;KE046;KE046272;KE0462721358
1121;Nyamira;North Mugirango;Bokeira;KE046;KE046272;KE0462721359
1122;Nyamira;North Mugirango;Magwagwa;KE046;KE046272;KE0462721360
1123;Nyamira;Borabu;Mekenene;KE046;KE046273;KE0462731362
1124;Nyamira;Borabu;Kiabonyoru;KE046;KE046273;KE0462731363
1125;Nyamira;Borabu;Nyansiongo;KE046;KE046273;KE0462731364
1126;Nyamira;Borabu;Esise;KE046;KE046273;KE0462731365
1127;Nyandarua;Kinangop;Engineer;KE018;KE018089;KE0180890441
1128;Nyandarua;Kinangop;Gathara;KE018;KE018089;KE0180890442
1129;Nyandarua;Kinangop;North Kinangop;KE018;KE018089;KE0180890443
1130;Nyandarua;Kinangop;Murungaru;KE018;KE018089;KE0180890444
1131;Nyandarua;Kinangop;Njabini/Kiburu;KE018;KE018089;KE0180890445
1132;Nyandarua;Kinangop;Nyakio;KE018;KE018089;KE0180890446
1133;Nyandarua;Kinangop;Githabai;KE018;KE018089;KE0180890447
1134;Nyandarua;Kinangop;Mugumu;KE018;KE018089;KE0180890448
1135;Nyandarua;Kipipiri;Wanjohi;KE018;KE018090;KE0180900449
1136;Nyandarua;Kipipiri;Kipipiri;KE018;KE018090;KE0180900450
1137;Nyandarua;Kipipiri;Geta;KE018;KE018090;KE0180900451
1138;Nyandarua;Kipipiri;Githioro;KE018;KE018090;KE0180900452
1139;Nyandarua;Ol Kalou;Karau;KE018;KE018091;KE0180910453
1140;Nyandarua;Ol Kalou;Kanjuiri Ridge;KE018;KE018091;KE0180910454
1141;Nyandarua;Ol Kalou;Mirangine;KE018;KE018091;KE0180910455
1142;Nyandarua;Ol Kalou;Kiambaga;KE018;KE018091;KE0180910456
1143;Nyandarua;Ol Kalou;Rurii;KE018;KE018091;KE0180910457
1144;Nyandarua;Ol Jorok;Gathanji;KE018;KE018092;KE0180920458
1145;Nyandarua;Ol Jorok;Gatimu;KE018;KE018092;KE0180920459
1146;Nyandarua;Ol Jorok;Weru;KE018;KE018092;KE0180920460
1147;Nyandarua;Ol Jorok;Charagita;KE018;KE018092;KE0180920461
1148;Nyandarua;Ndaragwa;Leshau/Pondo;KE018;KE018093;KE0180930462
1149;Nyandarua;Ndaragwa;Kiriita;KE018;KE018093;KE0180930463
1150;Nyandarua;Ndaragwa;Central;KE018;KE018093;KE0180930464
1151;Nyandarua;Ndaragwa;Shamata;KE018;KE018093;KE0180930465
1152;Nyeri;Tetu;Dedan Kimathi;KE019;KE019094;KE0190940466
1153;Nyeri;Tetu;Wamagana;KE019;KE019094;KE0190940467
1154;Vihiga;Sabatia;Wodanga;KE038;KE038212;KE0382121059
1155;Nyeri;Tetu;Aguthi-Gaaki;KE019;KE019094;KE0190940468
1156;Nyeri;Kieni;Mweiga;KE019;KE019095;KE0190950469
1157;Nyeri;Kieni;Naromoru/Kiamathanga;KE019;KE019095;KE0190950470
1158;Nyeri;Kieni;Mwiyogo/Endarasha;KE019;KE019095;KE0190950471
1159;Nyeri;Kieni;Mugunda;KE019;KE019095;KE0190950472
1160;Nyeri;Kieni;Gatarakwa;KE019;KE019095;KE0190950473
1161;Nyeri;Kieni;Thiegu River;KE019;KE019095;KE0190950474
1162;Nyeri;Kieni;Kabaru;KE019;KE019095;KE0190950475
1163;Nyeri;Kieni;Gakawa;KE019;KE019095;KE0190950476
1164;Nyeri;Mathira;Ruguru;KE019;KE019096;KE0190960477
1165;Nyeri;Mathira;Magutu;KE019;KE019096;KE0190960478
1166;Nyeri;Mathira;Iria-Ini;KE019;KE019096;KE0190960479
1167;Nyeri;Mathira;Konyu;KE019;KE019096;KE0190960480
1168;Nyeri;Mathira;Kirimukuyu;KE019;KE019096;KE0190960481
1169;Nyeri;Mathira;Karatina Town;KE019;KE019096;KE0190960482
1170;Siaya;Alego Usonga;South East Alego;KE041;KE041234;KE0412341168
1171;Vihiga;Sabatia;Busali;KE038;KE038212;KE0382121060
1172;Nyeri;Othaya;Mahiga;KE019;KE019097;KE0190970483
1173;Nyeri;Othaya;Iria-Ini;KE019;KE019097;KE0190970484
1174;Nyeri;Othaya;Chinga;KE019;KE019097;KE0190970485
1175;Nyeri;Othaya;Karima;KE019;KE019097;KE0190970486
1176;Nyeri;Mukurweni;Gikondi;KE019;KE019098;KE0190980487
1177;Nyeri;Mukurweni;Rugi;KE019;KE019098;KE0190980488
1178;Nyeri;Mukurweni;Mukurwe-Ini East;KE019;KE019098;KE0190980489
1179;Nyeri;Mukurweni;Mukurwe-Ini Central;KE019;KE019098;KE0190980490
1180;Nyeri;Nyeri Town;Kiganjo/Mathari;KE019;KE019099;KE0190990491
1181;Nyeri;Nyeri Town;Rware;KE019;KE019099;KE0190990492
1182;Nyeri;Nyeri Town;Gatitu/Muruguru;KE019;KE019099;KE0190990493
1183;Nyeri;Nyeri Town;Ruring'u;KE019;KE019099;KE0190990494
1184;Nyeri;Nyeri Town;Kamakwa/Mukaro;KE019;KE019099;KE0190990495
1185;Samburu;Samburu West;Lodokejek;KE025;KE025133;KE0251330661
1186;Samburu;Samburu West;Suguta Marmar;KE025;KE025133;KE0251330662
1187;Samburu;Samburu West;Maralal;KE025;KE025133;KE0251330663
1188;Samburu;Samburu West;Loosuk;KE025;KE025133;KE0251330664
1189;Samburu;Samburu West;Porro;KE025;KE025133;KE0251330665
1190;Samburu;Samburu North;El Barta;KE025;KE025134;KE0251340666
1191;Samburu;Samburu North;Nachola;KE025;KE025134;KE0251340667
1192;Samburu;Samburu North;Ndoto;KE025;KE025134;KE0251340668
1193;Samburu;Samburu North;Nyiro;KE025;KE025134;KE0251340669
1194;Samburu;Samburu North;Angata Nanyukie;KE025;KE025134;KE0251340670
1195;Samburu;Samburu North;Baawa;KE025;KE025134;KE0251340671
1196;Samburu;Samburu East;Waso;KE025;KE025135;KE0251350672
1197;Samburu;Samburu East;Wamba West;KE025;KE025135;KE0251350673
1198;Samburu;Samburu East;Wamba East;KE025;KE025135;KE0251350674
1199;Samburu;Samburu East;Wamba North;KE025;KE025135;KE0251350675
1200;Siaya;Ugenya;West Ugenya;KE041;KE041232;KE0412321156
1201;Siaya;Ugenya;Ukwala;KE041;KE041232;KE0412321157
1202;Siaya;Ugenya;North Ugenya;KE041;KE041232;KE0412321158
1203;Siaya;Ugenya;East Ugenya;KE041;KE041232;KE0412321159
1204;Siaya;Ugunja;Sidindi;KE041;KE041233;KE0412331160
1205;Siaya;Ugunja;Sigomere;KE041;KE041233;KE0412331161
1206;Siaya;Ugunja;Ugunja;KE041;KE041233;KE0412331162
1207;Siaya;Alego Usonga;Usonga;KE041;KE041234;KE0412341163
1208;Siaya;Alego Usonga;West Alego;KE041;KE041234;KE0412341164
1209;Siaya;Alego Usonga;Central Alego;KE041;KE041234;KE0412341165
1210;Siaya;Alego Usonga;Siaya Township;KE041;KE041234;KE0412341166
1211;Siaya;Alego Usonga;North Alego;KE041;KE041234;KE0412341167
1212;Siaya;Gem;North Gem;KE041;KE041235;KE0412351169
1213;Siaya;Gem;West Gem;KE041;KE041235;KE0412351170
1214;Siaya;Gem;Central Gem;KE041;KE041235;KE0412351171
1215;Siaya;Gem;Yala Township;KE041;KE041235;KE0412351172
1216;Siaya;Gem;East Gem;KE041;KE041235;KE0412351173
1217;Siaya;Gem;South Gem;KE041;KE041235;KE0412351174
1218;Siaya;Bondo;West Yimbo;KE041;KE041236;KE0412361175
1219;Siaya;Bondo;Central Sakwa;KE041;KE041236;KE0412361176
1220;Siaya;Bondo;South Sakwa;KE041;KE041236;KE0412361177
1221;Siaya;Bondo;Yimbo East;KE041;KE041236;KE0412361178
1222;Siaya;Bondo;West Sakwa;KE041;KE041236;KE0412361179
1223;Siaya;Bondo;North Sakwa;KE041;KE041236;KE0412361180
1224;Siaya;Rarieda;East Asembo;KE041;KE041237;KE0412371181
1225;Siaya;Rarieda;West Asembo;KE041;KE041237;KE0412371182
1226;Siaya;Rarieda;North Uyoma;KE041;KE041237;KE0412371183
1227;Siaya;Rarieda;South Uyoma;KE041;KE041237;KE0412371184
1228;Siaya;Rarieda;West Uyoma;KE041;KE041237;KE0412371185
1229;Taita Taveta;Taveta;Chala;KE006;KE006023;KE0060230111
1230;Taita Taveta;Taveta;Mahoo;KE006;KE006023;KE0060230112
1231;Taita Taveta;Taveta;Bomani;KE006;KE006023;KE0060230113
1232;Taita Taveta;Taveta;Mboghoni;KE006;KE006023;KE0060230114
1233;Taita Taveta;Voi;Ngolia;KE006;KE006026;KE0060260130
1234;Taita Taveta;Taveta;Mata;KE006;KE006023;KE0060230115
1235;Taita Taveta;Wundanyi;Wundanyi/Mbale;KE006;KE006024;KE0060240116
1236;Taita Taveta;Wundanyi;Werugha;KE006;KE006024;KE0060240117
1237;Taita Taveta;Wundanyi;Wumigu/Kishushe;KE006;KE006024;KE0060240118
1238;Taita Taveta;Wundanyi;Mwanda/Mgange;KE006;KE006024;KE0060240119
1239;Taita Taveta;Mwatate;Ronge;KE006;KE006025;KE0060250120
1240;Taita Taveta;Mwatate;Mwatate;KE006;KE006025;KE0060250121
1241;Taita Taveta;Mwatate;Bura;KE006;KE006025;KE0060250122
1242;Taita Taveta;Mwatate;Chawia;KE006;KE006025;KE0060250123
1243;Taita Taveta;Mwatate;Wusi/Kishamba;KE006;KE006025;KE0060250124
1244;Taita Taveta;Voi;Mbololo;KE006;KE006026;KE0060260125
1245;Taita Taveta;Voi;Sagala;KE006;KE006026;KE0060260126
1246;Taita Taveta;Voi;Kaloleni;KE006;KE006026;KE0060260127
1247;Taita Taveta;Voi;Maungu;KE006;KE006026;KE0060260128
1248;Taita Taveta;Voi;Kasigau;KE006;KE006026;KE0060260129
1249;Trans Nzoia;Kiminini;Sikhendu;KE026;KE026139;KE0261390692
1250;Tana River;Garsen;Kipini East;KE004;KE004018;KE0040180086
1251;Tana River;Garsen;Garsen South;KE004;KE004018;KE0040180087
1252;Tana River;Garsen;Kipini West;KE004;KE004018;KE0040180088
1253;Tana River;Garsen;Garsen Central;KE004;KE004018;KE0040180089
1254;Tana River;Garsen;Garsen West;KE004;KE004018;KE0040180090
1255;Tana River;Garsen;Garsen North;KE004;KE004018;KE0040180091
1256;Tana River;Galole;Kinakomba;KE004;KE004019;KE0040190092
1257;Tana River;Galole;Mikinduni;KE004;KE004019;KE0040190093
1258;Tana River;Galole;Chewani;KE004;KE004019;KE0040190094
1259;Tana River;Galole;Wayu;KE004;KE004019;KE0040190095
1260;Tana River;Bura;Chewele;KE004;KE004020;KE0040200096
1261;Tana River;Bura;Hirimani;KE004;KE004020;KE0040200097
1262;Tana River;Bura;Bangale;KE004;KE004020;KE0040200098
1263;Tana River;Bura;Sala;KE004;KE004020;KE0040200099
1264;Tana River;Bura;Madogo;KE004;KE004020;KE0040200100
1265;Tharaka-Nithi;Nithi;Mitheru;KE013;KE013060;KE0130600296
1266;Tharaka-Nithi;Nithi;Muthambi;KE013;KE013060;KE0130600297
1267;Tharaka-Nithi;Nithi;Mwimbi;KE013;KE013060;KE0130600298
1268;Tharaka-Nithi;Nithi;Ganga;KE013;KE013060;KE0130600299
1269;Tharaka-Nithi;Nithi;Chogoria;KE013;KE013060;KE0130600300
1270;Tharaka-Nithi;Maara;Mariani;KE013;KE013061;KE0130610301
1271;Tharaka-Nithi;Maara;Karingani;KE013;KE013061;KE0130610302
1272;Tharaka-Nithi;Maara;Magumoni;KE013;KE013061;KE0130610303
1273;Tharaka-Nithi;Maara;Mugwe;KE013;KE013061;KE0130610304
1274;Tharaka-Nithi;Maara;Igambang'ombe;KE013;KE013061;KE0130610305
1275;Tharaka-Nithi;Tharaka;Gatunga;KE013;KE013062;KE0130620306
1276;Tharaka-Nithi;Tharaka;Mukothima;KE013;KE013062;KE0130620307
1277;Tharaka-Nithi;Tharaka;Nkondi;KE013;KE013062;KE0130620308
1278;Tharaka-Nithi;Tharaka;Chiakariga;KE013;KE013062;KE0130620309
1279;Tharaka-Nithi;Tharaka;Marimanti;KE013;KE013062;KE0130620310
1280;Trans Nzoia;Kwanza;Kapomboi;KE026;KE026136;KE0261360676
1281;Trans Nzoia;Kwanza;Kwanza;KE026;KE026136;KE0261360677
1282;Trans Nzoia;Kwanza;Keiyo;KE026;KE026136;KE0261360678
1283;Trans Nzoia;Kwanza;Bidii;KE026;KE026136;KE0261360679
1284;Trans Nzoia;Endebess;Chepchoina;KE026;KE026137;KE0261370680
1285;Trans Nzoia;Endebess;Endebes;KE026;KE026137;KE0261370681
1286;Trans Nzoia;Endebess;Matumbei;KE026;KE026137;KE0261370682
1287;Trans Nzoia;Saboti;Kinyoro;KE026;KE026138;KE0261380683
1288;Trans Nzoia;Saboti;Matisi;KE026;KE026138;KE0261380684
1289;Trans Nzoia;Saboti;Tuwani;KE026;KE026138;KE0261380685
1290;Trans Nzoia;Saboti;Saboti;KE026;KE026138;KE0261380686
1291;Trans Nzoia;Saboti;Machewa;KE026;KE026138;KE0261380687
1292;Trans Nzoia;Kiminini;Kiminini;KE026;KE026139;KE0261390688
1293;Trans Nzoia;Kiminini;Waitaluk;KE026;KE026139;KE0261390689
1294;Trans Nzoia;Kiminini;Sirende;KE026;KE026139;KE0261390690
1295;Trans Nzoia;Kiminini;Hospital;KE026;KE026139;KE0261390691
1296;Trans Nzoia;Kiminini;Nabiswa;KE026;KE026139;KE0261390693
1297;Trans Nzoia;Cherangany;Sinyerere;KE026;KE026140;KE0261400694
1298;Trans Nzoia;Cherangany;Makutano;KE026;KE026140;KE0261400695
1299;Trans Nzoia;Cherangany;Kaplamai;KE026;KE026140;KE0261400696
1300;Trans Nzoia;Cherangany;Motosiet;KE026;KE026140;KE0261400697
1301;Trans Nzoia;Cherangany;Cherangany/Suwerwa;KE026;KE026140;KE0261400698
1302;Trans Nzoia;Cherangany;Chepsiro/Kiptoror;KE026;KE026140;KE0261400699
1303;Trans Nzoia;Cherangany;Sitatunga;KE026;KE026140;KE0261400700
1304;Turkana;Turkana North;Kaeris;KE023;KE023123;KE0231230611
1305;Turkana;Turkana North;Lakezone;KE023;KE023123;KE0231230612
1306;Turkana;Turkana North;Lapur;KE023;KE023123;KE0231230613
1307;Turkana;Turkana West;Kalobeyei;KE023;KE023124;KE0231240621
1308;Turkana;Turkana North;Kaaleng/Kaikor;KE023;KE023123;KE0231230614
1309;Turkana;Turkana North;Kibish;KE023;KE023123;KE0231230615
1310;Turkana;Turkana North;Nakalale;KE023;KE023123;KE0231230616
1311;Turkana;Turkana West;Kakuma;KE023;KE023124;KE0231240617
1312;Turkana;Turkana West;Lopur;KE023;KE023124;KE0231240618
1313;Turkana;Turkana West;Letea;KE023;KE023124;KE0231240619
1314;Turkana;Turkana West;Songot;KE023;KE023124;KE0231240620
1315;Turkana;Turkana West;Lokichogio;KE023;KE023124;KE0231240622
1316;Turkana;Turkana West;Nanaam;KE023;KE023124;KE0231240623
1317;Turkana;Turkana Central;Kerio Delta;KE023;KE023125;KE0231250624
1318;Turkana;Turkana Central;Kangatotha;KE023;KE023125;KE0231250625
1319;Turkana;Turkana Central;Kalokol;KE023;KE023125;KE0231250626
1320;Turkana;Turkana Central;Lodwar Township;KE023;KE023125;KE0231250627
1321;Turkana;Turkana Central;Kanamkemer;KE023;KE023125;KE0231250628
1322;Turkana;Loima;Kotaruk/Lobei;KE023;KE023126;KE0231260629
1323;Turkana;Loima;Turkwel;KE023;KE023126;KE0231260630
1324;Uasin Gishu;Turbo;Kamagut;KE027;KE027142;KE0271420710
1325;Uasin Gishu;Turbo;Kiplombe;KE027;KE027142;KE0271420711
1326;Turkana;Loima;Loima;KE023;KE023126;KE0231260631
1327;Turkana;Loima;Lokiriama/Lorengippi;KE023;KE023126;KE0231260632
1328;Turkana;Turkana South;Kaputir;KE023;KE023127;KE0231270633
1329;Turkana;Turkana South;Katilu;KE023;KE023127;KE0231270634
1330;Turkana;Turkana South;Lobokat;KE023;KE023127;KE0231270635
1331;Turkana;Turkana South;Kalapata;KE023;KE023127;KE0231270636
1332;Turkana;Turkana South;Lokichar;KE023;KE023127;KE0231270637
1333;Uasin Gishu;Turbo;Kapsaos;KE027;KE027142;KE0271420712
1334;Uasin Gishu;Turbo;Huruma;KE027;KE027142;KE0271420713
1335;Uasin Gishu;Moiben;Tembelio;KE027;KE027143;KE0271430714
1336;Uasin Gishu;Moiben;Sergoit;KE027;KE027143;KE0271430715
1337;Turkana;Turkana East;Kapedo/Napeitom;KE023;KE023128;KE0231280638
1338;Turkana;Turkana East;Katilia;KE023;KE023128;KE0231280639
1339;Turkana;Turkana East;Lokori/Kochodin;KE023;KE023128;KE0231280640
1340;Uasin Gishu;Soy;Moi's Bridge;KE027;KE027141;KE0271410701
1341;Uasin Gishu;Soy;Kapkures;KE027;KE027141;KE0271410702
1342;Uasin Gishu;Soy;Ziwa;KE027;KE027141;KE0271410703
1343;Uasin Gishu;Soy;Segero/Barsombe;KE027;KE027141;KE0271410704
1344;Uasin Gishu;Soy;Kipsomba;KE027;KE027141;KE0271410705
1345;Uasin Gishu;Soy;Soy;KE027;KE027141;KE0271410706
1346;Uasin Gishu;Soy;Kuinet/Kapsuswa;KE027;KE027141;KE0271410707
1347;Uasin Gishu;Turbo;Ngenyilel;KE027;KE027142;KE0271420708
1348;Uasin Gishu;Turbo;Tapsagoi;KE027;KE027142;KE0271420709
1349;Uasin Gishu;Moiben;Karuna/Meibeki;KE027;KE027143;KE0271430716
1350;Uasin Gishu;Moiben;Moiben;KE027;KE027143;KE0271430717
1351;Uasin Gishu;Moiben;Kimumu;KE027;KE027143;KE0271430718
1352;Uasin Gishu;Ainabkoi;Kapsoya;KE027;KE027144;KE0271440719
1353;Uasin Gishu;Ainabkoi;Kaptagat;KE027;KE027144;KE0271440720
1354;Uasin Gishu;Ainabkoi;Ainabkoi/Olare;KE027;KE027144;KE0271440721
1355;Uasin Gishu;Kapseret;Simat/Kapseret;KE027;KE027145;KE0271450722
1356;Uasin Gishu;Kapseret;Kipkenyo;KE027;KE027145;KE0271450723
1357;Uasin Gishu;Kapseret;Ngeria;KE027;KE027145;KE0271450724
1358;Uasin Gishu;Kapseret;Megun;KE027;KE027145;KE0271450725
1359;Uasin Gishu;Kapseret;Langas;KE027;KE027145;KE0271450726
1360;Uasin Gishu;Kesses;Racecourse;KE027;KE027146;KE0271460727
1361;Uasin Gishu;Kesses;Cheptiret/Kipchamo;KE027;KE027146;KE0271460728
1362;Uasin Gishu;Kesses;Tulwet/Chiyat;KE027;KE027146;KE0271460729
1363;Uasin Gishu;Kesses;Tarakwa;KE027;KE027146;KE0271460730
1364;Vihiga;Vihiga;Lugaga/Wamuluma;KE038;KE038211;KE0382111051
1365;Vihiga;Vihiga;South Maragoli;KE038;KE038211;KE0382111052
1366;Vihiga;Vihiga;Central Maragoli;KE038;KE038211;KE0382111053
1367;Vihiga;Vihiga;Mungoma;KE038;KE038211;KE0382111054
1368;Vihiga;Sabatia;Lyaywa/Izava;KE038;KE038212;KE0382121055
1369;Vihiga;Sabatia;Sabatia West;KE038;KE038212;KE0382121056
1370;Vihiga;Sabatia;Chavakali;KE038;KE038212;KE0382121057
1371;Vihiga;Hamisi;Shiru;KE038;KE038213;KE0382131061
1372;Vihiga;Hamisi;Gisambai;KE038;KE038213;KE0382131062
1373;Vihiga;Hamisi;Shamakhokho;KE038;KE038213;KE0382131063
1374;Vihiga;Hamisi;Banja;KE038;KE038213;KE0382131064
1375;Vihiga;Hamisi;Muhudu;KE038;KE038213;KE0382131065
1376;Vihiga;Hamisi;Tambua;KE038;KE038213;KE0382131066
1377;Vihiga;Hamisi;Jepkoyai;KE038;KE038213;KE0382131067
1378;Vihiga;Luanda;Luanda Township;KE038;KE038214;KE0382141068
1379;Vihiga;Luanda;Wemilabi;KE038;KE038214;KE0382141069
1380;Vihiga;Luanda;Mwibona;KE038;KE038214;KE0382141070
1381;Vihiga;Luanda;Luanda South;KE038;KE038214;KE0382141071
1382;Vihiga;Luanda;Emabungo;KE038;KE038214;KE0382141072
1383;Vihiga;Emuhaya;North East Bunyore;KE038;KE038215;KE0382151073
1384;Vihiga;Emuhaya;Central Bunyore;KE038;KE038215;KE0382151074
1385;Vihiga;Emuhaya;West Bunyore;KE038;KE038215;KE0382151075
1386;Wajir;Wajir North;Gurar;KE008;KE008033;KE0080330161
1387;Wajir;Wajir North;Bute;KE008;KE008033;KE0080330162
1388;Wajir;Wajir North;Korondile;KE008;KE008033;KE0080330163
1389;Wajir;Wajir North;Malkagufu;KE008;KE008033;KE0080330164
1390;Wajir;Wajir West;Arbajahan;KE008;KE008036;KE0080360176
1391;Wajir;Wajir North;Batalu;KE008;KE008033;KE0080330165
1392;Wajir;Wajir North;Danaba;KE008;KE008033;KE0080330166
1393;Wajir;Wajir North;Godoma;KE008;KE008033;KE0080330167
1394;Wajir;Wajir East;Wagberi;KE008;KE008034;KE0080340168
1395;Wajir;Wajir East;Township;KE008;KE008034;KE0080340169
1396;Wajir;Wajir East;Barwaqo;KE008;KE008034;KE0080340170
1397;Wajir;Wajir East;Khorof/Harar;KE008;KE008034;KE0080340171
1398;Wajir;Tarbaj;Elben;KE008;KE008035;KE0080350172
1399;Wajir;Tarbaj;Sarman;KE008;KE008035;KE0080350173
1400;Wajir;Tarbaj;Tarbaj;KE008;KE008035;KE0080350174
1401;Wajir;Tarbaj;Wargadud;KE008;KE008035;KE0080350175
1402;Wajir;Wajir West;Hadado/Athibohol;KE008;KE008036;KE0080360177
1403;Wajir;Wajir West;Ademasajide;KE008;KE008036;KE0080360178
1404;Wajir;Wajir West;Ganyure;KE008;KE008036;KE0080360179
1405;Wajir;Wajir West;Wagalla;KE008;KE008036;KE0080360180
1406;Wajir;Eldas;Eldas;KE008;KE008037;KE0080370181
1407;Wajir;Eldas;Della;KE008;KE008037;KE0080370182
1408;Wajir;Eldas;Elnur/Tula Tula;KE008;KE008037;KE0080370183
1409;Wajir;Wajir South;Benane;KE008;KE008038;KE0080380184
1410;Wajir;Wajir South;Bur-Der;KE008;KE008038;KE0080380185
1411;West Pokot;Pokot South;Tapach;KE024;KE024132;KE0241320660
1412;Wajir;Wajir South;Dadaja Bulla;KE008;KE008038;KE0080380186
1413;Wajir;Wajir South;Habaswein;KE008;KE008038;KE0080380187
1414;Wajir;Wajir South;Lagboghol South;KE008;KE008038;KE0080380188
1415;Wajir;Wajir South;Ibrahim Ure;KE008;KE008038;KE0080380189
1416;Wajir;Wajir South;Diff;KE008;KE008038;KE0080380190
1417;West Pokot;Kapenguria;Riwo;KE024;KE024129;KE0241290641
1418;West Pokot;Kapenguria;Kapenguria;KE024;KE024129;KE0241290642
1419;West Pokot;Kapenguria;Mnangei;KE024;KE024129;KE0241290643
1420;West Pokot;Kapenguria;Siyoi;KE024;KE024129;KE0241290644
1421;West Pokot;Kapenguria;Endugh;KE024;KE024129;KE0241290645
1422;West Pokot;Kapenguria;Sook;KE024;KE024129;KE0241290646
1423;West Pokot;Sigor;Sekerr;KE024;KE024130;KE0241300647
1424;West Pokot;Sigor;Masool;KE024;KE024130;KE0241300648
1425;West Pokot;Sigor;Lomut;KE024;KE024130;KE0241300649
1426;West Pokot;Sigor;Wei Wei;KE024;KE024130;KE0241300650
1427;West Pokot;Kacheliba;Suam;KE024;KE024131;KE0241310651
1428;West Pokot;Kacheliba;Kodich;KE024;KE024131;KE0241310652
1429;West Pokot;Kacheliba;Kasei;KE024;KE024131;KE0241310653
1430;West Pokot;Kacheliba;Kapchok;KE024;KE024131;KE0241310654
1431;West Pokot;Kacheliba;Kiwawa;KE024;KE024131;KE0241310655
1432;West Pokot;Kacheliba;Alale;KE024;KE024131;KE0241310656
1433;West Pokot;Pokot South;Chepareria;KE024;KE024132;KE0241320657
1434;West Pokot;Pokot South;Batei;KE024;KE024132;KE0241320658
1435;West Pokot;Pokot South;Lelan;KE024;KE024132;KE0241320659
1436;Nakuru;Emurua Dikirr;;KE032;KE032178;
1437;Nakuru;Kilgoris;;KE032;KE032177;
1438;Nakuru;Narok West;;KE032;KE032182;
